Project Number,Acronym,Researcher(s),Ateneo,Grant Type,year,EU contribution
101166930,RECAP,"Benedetta Ciardi, Kirsten Kraiberg Knudsen, Laura Pentericci, Valentina D'Odorico","Chalmers University of Technology [999980373,SE], Max Planck Society [999990267,DE], National Institute for Astrophysics - Italy [999868920,IT], National Institute for Astrophysics - Italy [999868920,IT]",Synergy Grants,2024,9765000.0
101167101,REM@KE,"Andrea Schiavio, Joel Speerstra, Massimiliano Guido","University of Gothenburg [999981925,SE], University of Pavia [999893752,IT], University of York [999978336,UK]",Synergy Grants,2024,8031361.0
101167218,SKIN2DTRONICS,"Andras Kis, Andres Castellanos-Gomez, Gianluca Fiori, Kostas Kostarelos","Catalan Institute of Nanoscience and Nanotechnology (ICN2) [999606923,ES], Spanish National Research Council (CSIC) [999991722,ES], Swiss Federal Institute of Technology Lausanne (EPFL) [999973971,CH], University of Pisa [999862712,IT]",Synergy Grants,2024,9896897.0
101212751,VSoft Pro,Antonio Bicchi,"Italian Institute of Technology [999596447,IT]",Proof of Concept,2024,150000.0
101118626,EndoTheranostics,"Alberto Arezzo, Bruno Siciliano, Kaspar Althoefer","Consortium for Energy Research and Technological Applications of Electromagnetism (C.R.E.A.T.E.) [954718427,IT], University of London - Queen Mary College [999847677,UK], University of Turin [999861936,IT]",Synergy Grants,2023,7616426.25
101118565,LAST NEANDERTHALS,"Francesco Berna, Omry Barzilai, Stefano Benazzi","University of Bologna [999993953,IT], University of Haifa [999897826,IL], University of Siena [999898020,IT]",Synergy Grants,2023,12920328.0
101071533,CASTLE,"Michael R. Wasielewski, Robert Bittl, Roberta Sessoli, Stefano Carretta","Free University of Berlin [999994826,DE], Northwestern University [999627778,US], University of Florence [999895789,IT], University of Parma [999846028,IT]",Synergy Grants,2022,8976957.0
101071900,NEMESIS,"Gustavo Deco, Marcello Massimini, Maria Victoria Sanchez-Vives, Maurizio Corbetta","Clinic Foundation for Biomedical Research - August Pi i Sunyer Biomedical Research Institute (FCRB-IDIBAPS) [999477525,ES], Pompeu Fabra University [999867077,ES], University of Milan [999995796,IT], University of Padua [999995602,IT]",Synergy Grants,2022,9927253.75
101069179,WISH,Antonio Bicchi,"Italian Institute of Technology [999596447,IT]",Proof of Concept,2022,150000.0
855923,ASTRA,"Giancarlo Ruocco, Giangaetano Tartaglia, Irene Bozzoni","Italian Institute of Technology [999596447,IT], Italian Institute of Technology [999596447,IT], Sapienza University of Rome [999987745,IT]",Synergy Grants,2019,7741799.0
810182,SCOPE,"Annemie Bogaerts, Evgeny Rebrov, Gabriele Centi","University of Antwerp [999902870,BE], University of Messina [999662601,IT], University of Warwick [999976784,UK]",Synergy Grants,2018,9979269.38
810356,SOLID,"Hanspeter Kriesi, Maurizio Ferrera, Waltraud Schelkle","European University Institute [999902385,IT], European University Institute [999902385,IT], University of Milan [999995796,IT]",Synergy Grants,2018,9604137.75
101189458,PREDICT,Chiara Ambrogio,"University of Turin [999861936,IT]",Proof of Concept,2024,150000.0
101117436,KAPTION,Irene Gallina,"University of Padua [999995602,IT]",Starting Grants,2023,1494774.0
101142614,TOPOMECH,Marco Foiani,"National Research Council (CNR) - Italy [999979500,IT]",Advanced Grants,2023,2493665.0
101078838,CentroFun,Simona Giunta,"Sapienza University of Rome [999987745,IT]",Starting Grants,2022,1500000.0
101076026,TRANS-3,Alessandro Bertero,"University of Turin [999861936,IT]",Starting Grants,2022,1769998.0
101094471,MetaQ,Andrea Mattevi,"University of Pavia [999893752,IT]",Advanced Grants,2022,2107750.0
101041298,THYROMOL,Francesca Coscia,"Human Technopole [895748732,IT]",Starting Grants,2021,1498750.0
101001288,KARMA,Chiara Ambrogio,"University of Turin [999861936,IT]",Consolidator Grants,2020,1996853.0
875139,FIREQUENCHER,Fabrizio D'Adda Di Fagagna,"FIRC - Institute of Molecular Oncology [999534367,IT]",Proof of Concept,2019,150000.0
819826,CiliaTubulinCode,Gaia Pigino,"Human Technopole [895748732,IT]",Consolidator Grants,2018,1986406.0
737561,RNAging,Fabrizio D'Adda Di Fagagna,"FIRC - Institute of Molecular Oncology [999534367,IT]",Proof of Concept,2016,149950.0
682190,REPSUMODDT,Dana Branzei,"FIRC - Institute of Molecular Oncology [999534367,IT]",Consolidator Grants,2015,1991250.0
664713,DDRNA,Fabrizio D'Adda Di Fagagna,"FIRC - Institute of Molecular Oncology [999534367,IT]",Proof of Concept,2014,149425.0
614541,DNAMEREP,Vincenzo Costanzo,"University of Milan [999995796,IT]",Consolidator Grants,2013,1999800.0
340172,MUNCODD,Irene Bozzoni,"Sapienza University of Rome [999987745,IT]",Advanced Grants,2013,2000000.0
322726,DDRNA,Fabrizio D'Adda Di Fagagna,"FIRC - Institute of Molecular Oncology [999534367,IT]",Advanced Grants,2012,2329200.0
294777,mitoCalcium,Rosario Rizzuto,"University of Padua [999995602,IT]",Advanced Grants,2011,2432400.0
242928,REPSUBREP,Dana Branzei,"FIRC - Institute of Molecular Oncology [999534367,IT]",Starting Grants,2009,1841600.0
101171662,SPECOLA,Davide Risso,"University of Padua [999995602,IT]",Consolidator Grants,2024,1979375.0
101125077,DARC MATTER,Andrea Sottoriva,"Human Technopole [895748732,IT]",Consolidator Grants,2023,1995582.0
101125051,DepSHOCK,Francesco Iorio,"Human Technopole [895748732,IT]",Consolidator Grants,2023,1999455.0
101088408,RADIALIS,Marzena Magda Bienko,"Human Technopole [895748732,IT]",Consolidator Grants,2022,1999655.0
759154,CellKarma,Davide Cacchiarelli,"Telethon Foundation [999448716,IT]",Starting Grants,2017,1497250.0
694282,LYSOSOMICS,Andrea Ballabio,"Telethon Foundation [999448716,IT]",Advanced Grants,2015,2362562.5
648670,SPICE,Francesca Demichelis,"University of Trento [999841954,IT]",Consolidator Grants,2014,1996428.0
670881,SYSMET,Maria Antonietta De Matteis,"Telethon Foundation [999448716,IT]",Advanced Grants,2014,2241250.0
324615,7TReImHo, ,"European Institute of Oncology [999969703,IT]",Proof of Concept,2012,146917.0
322749,DEPTH,Giovanni Cesareni,"University of Rome - Tor Vergata [999844864,IT]",Advanced Grants,2012,2639804.0
260897,AnoRep,Flaminia Catteruccia,"University of Perugia [999846319,IT]",Starting Grants,2010,1500000.0
250154,CLEAR,Andrea Ballabio,"Telethon Foundation [999448716,IT]",Advanced Grants,2009,2100000.0
202896,DENDROworld,Maria Rescigno,"European Institute of Oncology [999969703,IT]",Starting Grants,2007,1195680.0
101142557,INTEGRATE,Luca Scorrano,"University of Padua [999995602,IT]",Advanced Grants,2023,2499935.0
101111993,T-BAP,Diego Pasini,"European Institute of Oncology [999969703,IT]",Proof of Concept,2022,150000.0
101002280,EGFRtoMITO,Sara Sigismund,"University of Milan [999995796,IT]",Consolidator Grants,2020,1840125.0
101003186,ReviveSTEM,Raffaella Di Micco,"San Raffaele Hospital [953176030,IT]",Consolidator Grants,2020,2000000.0
716910,MetEpiStem,Graziano Martello,"University of Padua [999995602,IT]",Starting Grants,2016,1498232.0
725268,DissectPcG,Diego Pasini,"University of Milan [999995796,IT]",Consolidator Grants,2016,2000000.0
282280,ERMITO,Luca Scorrano,"University of Padua [999995602,IT]",Starting Grants,2011,1499995.2
260368,ROMA,Sabrina Sabatini,"Sapienza University of Rome [999987745,IT]",Starting Grants,2010,1475999.2
233033,MAMMASTEM,Pier Paolo Di Fiore,"FIRC - Institute of Molecular Oncology [999534367,IT]",Advanced Grants,2008,2274862.0
101163480,CODE-HEART,Carolina Greco,"Humanitas University [932462747,IT]",Starting Grants,2024,1721063.0
101164006,GLP1RES,Elisa Araldi,"University of Parma [999846028,IT]",Starting Grants,2024,1500000.0
101163219,IDENTIKIT,Irene Franco,"Vita-Salute San Raffaele University [999854467,IT]",Starting Grants,2024,1500000.0
101115959,Novel.CaRe,Paola Cattaneo,"University of Milan [999995796,IT]",Starting Grants,2023,1592281.0
101126135,CONNASHION,Donato Inverso,"Vita-Salute San Raffaele University [999854467,IT]",Consolidator Grants,2023,1741250.0
101142691,QtCilia,Alessandra Boletta,"San Raffaele Hospital [953176030,IT]",Advanced Grants,2023,2500000.0
101075624,SEMICYCLE,Serena Sanna,"National Research Council (CNR) - Italy [999979500,IT]",Starting Grants,2022,1499286.0
101113229,TELOVACCINE,Fabrizio D'Adda Di Fagagna,"FIRC - Institute of Molecular Oncology [999534367,IT]",Proof of Concept,2022,150000.0
101098074,CHARTAGING,Stefano Piccolo,"University of Padua [999995602,IT]",Advanced Grants,2022,2811871.0
101097752,INCANTAR,Andrea Ballabio,"Telethon Foundation [999448716,IT]",Advanced Grants,2022,2496625.0
101045285,AUTO-SELECT,Carmine Settembre,"University of Naples Federico II [999976590,IT]",Consolidator Grants,2021,1993750.0
101055323,MATILDA,Michela Matteoli,"Humanitas Hospital [999785015,IT]",Advanced Grants,2021,2500000.0
963865,MELASTOP,Massimo Santoro,"University of Padua [999995602,IT]",Proof of Concept,2020,150000.0
963982,RE-STORE,Carmine Settembre,"Telethon Foundation [999448716,IT]",Proof of Concept,2020,150000.0
101001746,Mini-HEART,Milena Bellin,"University of Padua [999995602,IT]",Consolidator Grants,2020,2000000.0
101019891,SIMPOSION,Paola Romagnani,"University of Florence [999895789,IT]",Advanced Grants,2020,2296900.0
853057,InflaPML,Carlotta Giorgi,"University of Ferrara [999839626,IT]",Starting Grants,2019,1462500.0
835103,TeloRNAging,Fabrizio D'Adda Di Fagagna,"FIRC - Institute of Molecular Oncology [999534367,IT]",Advanced Grants,2018,2497500.0
759921,SymPAtHY,Daniela Carnevale,"Sapienza University of Rome [999987745,IT]",Starting Grants,2017,1497831.0
779802,ITHACA,Pier Giuseppe Pelicci,"European Institute of Oncology [999969703,IT]",Proof of Concept,2017,150000.0
714551,BONEPHAGY,Carmine Settembre,"Telethon Foundation [999448716,IT]",Starting Grants,2016,1586430.0
742922,V-EPC,Elisabetta Dejana,"FIRC - Institute of Molecular Oncology [999534367,IT]",Advanced Grants,2016,2451250.0
713734,miRCaP,Gianluigi Condorelli,"Humanitas Hospital [999785015,IT]",Proof of Concept,2015,150000.0
647057,rEnDOx,Massimo Santoro,"University of Padua [999995602,IT]",Consolidator Grants,2014,1999827.0
648274,RENOIR,Paola Romagnani,"University of Florence [999895789,IT]",Consolidator Grants,2014,1772718.75
670126,DENOVOSTEM,Stefano Piccolo,"University of Padua [999995602,IT]",Advanced Grants,2014,2498934.0
341131,InMec,Pier Giuseppe Pelicci,"European Institute of Oncology [999969703,IT]",Advanced Grants,2013,2500000.0
324621,ALKVAX, ,"University of Turin [999861936,IT]",Proof of Concept,2012,149938.96
322977,WAYS,Adriana Caterina Elvira Maggi,"University of Milan [999995796,IT]",Advanced Grants,2012,1445381.0
282310,MyoPHAGY,Marco Sandri,"Foundation for Advanced Biomedical Research - Italy [997305889,IT]",Starting Grants,2011,1250000.0
294609,CARDIOEPIGEN,Gianluigi Condorelli,"Humanitas Hospital [999785015,IT]",Advanced Grants,2011,2500000.0
268671,MYCNEXT,Bruno Amati,"European Institute of Oncology [999969703,IT]",Advanced Grants,2010,2494000.0
268836,The MetaEndoMatrix,Giorgio Scita,"FIRC - Institute of Molecular Oncology [999534367,IT]",Advanced Grants,2010,2232200.0
268870,Wnt for brain,Elisabetta Dejana,"FIRC - Institute of Molecular Oncology [999534367,IT]",Advanced Grants,2010,2390200.0
242965,LUNELY,Roberto Chiarle,"University of Turin [999861936,IT]",Starting Grants,2009,1010000.0
101125054,BRAINAMICS,Alessandro Gozzi,"Italian Institute of Technology [999596447,IT]",Consolidator Grants,2023,1999438.0
101075848,FLEXIN,Katja Reinhard,"International School for Advanced Studies - Trieste [999850878,IT]",Starting Grants,2022,1544651.0
101088207,REDIRECT,Miriam Melis,"University of Cagliari [999841663,IT]",Consolidator Grants,2022,1999138.0
101043003,IMPACT,Simona Lodato,"Humanitas University [932462747,IT]",Starting Grants,2021,1490000.0
957538,FUTURE-NHP,Luca Bonini,"University of Parma [999846028,IT]",Proof of Concept,2020,150000.0
101002704,EMACTIVE,Luca Bonini,"University of Parma [999846028,IT]",Consolidator Grants,2020,1999231.0
851966,AXONENDO,Jean-Michel Cioni,"San Raffaele Hospital [953176030,IT]",Starting Grants,2019,1499563.0
875031,SMARTLABCAM,Davide Zoccolan,"International School for Advanced Studies - Trieste [999850878,IT]",Proof of Concept,2019,150000.0
802371,DisConn,Alessandro Gozzi,"Italian Institute of Technology [999596447,IT]",Starting Grants,2018,1498125.0
737609,NEUROMICRONICA,Mathew Ernest Diamond,"International School for Advanced Studies - Trieste [999850878,IT]",Proof of Concept,2016,150000.0
725563,GenEdiDS,Laura Cancedda,"Italian Institute of Technology [999596447,IT]",Consolidator Grants,2016,2000000.0
742436,HD-DittoGraph,Elena Cattaneo,"University of Milan [999995796,IT]",Advanced Grants,2016,2040943.0
678307,WIRELESS,Luca Bonini,"University of Parma [999846028,IT]",Starting Grants,2015,1499338.0
648734,HUMO,Aldo Genovesio,"Sapienza University of Rome [999987745,IT]",Consolidator Grants,2014,1028750.0
335590,NEVAI,Dario Bonanomi,"San Raffaele Hospital [953176030,IT]",Starting Grants,2013,1653000.0
616803,LEARN2SEE,Davide Franco Zoccolan,"International School for Advanced Studies - Trieste [999850878,IT]",Consolidator Grants,2013,2000000.0
281072,RSSCEMSR,Benedetto Sacchetti,"University of Turin [999861936,IT]",Starting Grants,2011,1116000.0
294498,CONCEPT,Mathew Diamond,"International School for Advanced Studies - Trieste [999850878,IT]",Advanced Grants,2011,2500000.0
242809,MindTravel,Emiliano Macaluso,"Saint Lucia Foundation and Hospital [999583449,IT]",Starting Grants,2009,1219597.0
250013,Cogsystems,Giacomo Rizzolatti,"University of Parma [999846028,IT]",Advanced Grants,2009,1992000.0
101170262,AUTO-T-NERVES,Daniela Latorre,"Vita-Salute San Raffaele University [999854467,IT]",Consolidator Grants,2024,2000000.0
101116224,GREMLIN,Marco De Giovanni,"Vita-Salute San Raffaele University [999854467,IT]",Starting Grants,2023,1500000.0
101138728,S-CAM,Matteo Iannacone,"San Raffaele Hospital [953176030,IT]",Proof of Concept,2023,150000.0
101141363,EUCLIDEAN,Matteo Iannacone,"Vita-Salute San Raffaele University [999854467,IT]",Advanced Grants,2023,2500000.0
101069397,NeutrAD,Gabriela Constantin,"University of Verona [999838074,IT]",Proof of Concept,2022,150000.0
957502,2LIVEr,Matteo Iannacone,"San Raffaele Hospital [953176030,IT]",Proof of Concept,2020,150000.0
853179,SYNVIVO,Giulia Pasqual,"University of Padua [999995602,IT]",Starting Grants,2019,1500000.0
899770,MOBILISE,Antonella Viola,"University of Padua [999995602,IT]",Proof of Concept,2019,150000.0
885539,ENGRAB,Antonio Lanzavecchia,"National Institute of Molecular Genetics - Italy [998645168,IT]",Advanced Grants,2019,2478125.0
725038,FATE,Matteo Iannacone,"San Raffaele Hospital [953176030,IT]",Consolidator Grants,2016,2390000.0
693606,IMPEDE,Gabriela Constantin,"University of Verona [999838074,IT]",Proof of Concept,2015,150000.0
695714,IMMUNOALZHEIMER,Gabriela Constantin,"University of Verona [999838074,IT]",Advanced Grants,2015,2500000.0
692789,MEDICI,Gioacchino Natoli,"European Institute of Oncology [999969703,IT]",Advanced Grants,2015,2500000.0
640511,PERSYST,Enrico Lugli,"Humanitas Hospital [999785015,IT]",Starting Grants,2014,1500000.0
669415,PHII,Alberto Mantovani,"Humanitas Hospital [999785015,IT]",Advanced Grants,2014,2497081.0
615735,HomeoGUT,Maria Rescigno,"Humanitas University [932462747,IT]",Consolidator Grants,2013,2000000.0
310496,menTORingTregs,Giuseppe Matarese,"National Research Council (CNR) - Italy [999979500,IT]",Starting Grants,2012,1500000.0
322823,STePS,Antonella Viola,"University of Padua [999995602,IT]",Advanced Grants,2012,2350342.0
281648,IVM-VIRUS-nAb,Matteo Iannacone,"Vita-Salute San Raffaele University [999854467,IT]",Starting Grants,2011,1934200.0
261079,NEUROTRAFFICKING,Gabriela Constantin,"University of Verona [999838074,IT]",Starting Grants,2010,1199880.0
268757,NORM,Gioacchino Natoli,"European Institute of Oncology [999969703,IT]",Advanced Grants,2010,2436200.0
250219,Liver IVM and HBV,Luca Guidotti,"San Raffaele Hospital [953176030,IT]",Advanced Grants,2009,2046200.0
233417,HIIS,Alberto Mantovani,"Humanitas Hospital [999785015,IT]",Advanced Grants,2008,2066200.0
101163870,eHSCT,Attya Omer,"Vita-Salute San Raffaele University [999854467,IT]",Starting Grants,2024,1500000.0
101163931,GLIOMERS,Alessio Malfanti,"University of Padua [999995602,IT]",Starting Grants,2024,1498175.0
101164722,NextGeneTx,Ivana Trapani,"Telethon Foundation [999448716,IT]",Starting Grants,2024,1500000.0
101165007,ResolVE-XAS,Samuele Ferrari,"San Raffaele Hospital [953176030,IT]",Starting Grants,2024,1500000.0
101170780,HEPAGENE,Alessio Cantore,"Vita-Salute San Raffaele University [999854467,IT]",Consolidator Grants,2024,1993750.0
101170490,TalesfromDeath,Daniela Cesana,"San Raffaele Hospital [953176030,IT]",Consolidator Grants,2024,2000000.0
101117893,METABALANCANCER,Claudio Vernieri,"University of Milan [999995796,IT]",Starting Grants,2023,1499250.0
101158288,easi-IPMN,Renato Ostuni,"Vita-Salute San Raffaele University [999854467,IT]",Proof of Concept,2023,150000.0
101137970,MABank,Giulio Cossu,"San Raffaele Hospital [953176030,IT]",Proof of Concept,2023,150000.0
101123230,MYELOMA-RISK,Niccolo Bolli,"University of Milan [999995796,IT]",Proof of Concept,2023,150000.0
101123346,reMARK-AML,Maria Paola Martelli,"University of Perugia [999846319,IT]",Proof of Concept,2023,150000.0
101076572,DEGLYCAR-T,Monica Casucci,"San Raffaele Hospital [953176030,IT]",Starting Grants,2022,1500000.0
101078646,REACT-DC,Marco Gargaro,"University of Perugia [999846319,IT]",Starting Grants,2022,1500000.0
101081529,AI CUrES,Valentina Cauda,"Polytechnic University of Turin [999977754,IT]",Proof of Concept,2022,150000.0
101111780,INSITUOMVAC,Guido Grandi,"BIOMVIS - Italy [895195929,IT]",Proof of Concept,2022,150000.0
101113466,PAIN-CARE,Pierangelo Geppetti,"Gemelli University Hospital Rome [918081430,IT]",Proof of Concept,2022,150000.0
101069392,Syst-Onco-Herpes,Maria Gabriella Campadelli-Fiume,"Sant’Orsola Foundation [890539929,IT]",Proof of Concept,2022,150000.0
101069395,TREM2MICROENGINES,Alessandra Biffi,"University of Padua [999995602,IT]",Proof of Concept,2022,150000.0
101086988,MAMELI,Valentina Bollati,"University of Milan [999995796,IT]",Consolidator Grants,2022,2993251.0
101088887,MEFHISTO,Renato Ostuni,"Vita-Salute San Raffaele University [999854467,IT]",Consolidator Grants,2022,2000000.0
101097155,EXPEDITE,Alberto Auricchio,"Telethon Foundation [999448716,IT]",Advanced Grants,2022,2492303.0
101098201,PROACTIVE,Rino Rappuoli,"Toscana Life Sciences (TLS) Foundation [998436424,IT]",Advanced Grants,2022,2498750.0
101044032,HSC-reNEW,Andrea Ditadi,"San Raffaele Hospital [953176030,IT]",Consolidator Grants,2021,2000000.0
101055300,ReprOids,Nicola Elvassore,"University of Padua [999995602,IT]",Advanced Grants,2021,2500000.0
101055262,TARGETNMDs,Alessandra Biffi,"University of Padua [999995602,IT]",Advanced Grants,2021,2495250.0
957563,XtraUS,Valentina Cauda,"Polytechnic University of Turin [999977754,IT]",Proof of Concept,2020,150000.0
101019289,Holo-GT,Michele De Luca,"University of Modena and Reggio Emilia [999840887,IT]",Advanced Grants,2020,2462375.0
101020342,TARGET,Alberto Bardelli,"University of Turin [999861936,IT]",Advanced Grants,2020,2489232.0
850936,PANDORA,Loris Rizzello,"University of Milan [999995796,IT]",Starting Grants,2019,1495018.0
899727,DUPDOWN,Giuseppe Testa,"University of Milan [999995796,IT]",Proof of Concept,2019,150000.0
899838,ENHANCIDO,Ursula Grohmann,"University of Perugia [999846319,IT]",Proof of Concept,2019,150000.0
899963,SpinRec,Giandomenico Iannetti,"Italian Institute of Technology [999596447,IT]",Proof of Concept,2019,150000.0
884952,UniMab,Giulio Cossu,"San Raffaele Hospital [953176030,IT]",Advanced Grants,2019,2345625.0
842423,BrainCircuit-on-chip,Vania Broccoli,"San Raffaele Hospital [953176030,IT]",Proof of Concept,2018,150000.0
825942,EASY-IPS,Nicola Brunetti-Pierri,"Telethon Foundation [999448716,IT]",Proof of Concept,2018,150000.0
813223,inSight,Enrico Maria Surace,"University of Naples Federico II [999976590,IT]",Proof of Concept,2018,150000.0
813099,MicroTher,Luigina Romani,"University of Perugia [999846319,IT]",Proof of Concept,2018,150000.0
817997,bECOMiNG,Niccolo Bolli,"University of Milan [999995796,IT]",Consolidator Grants,2018,1998781.0
819815,ImmunoStem,Anna Christina Kajaste-Rudnitski,"San Raffaele Hospital [953176030,IT]",Consolidator Grants,2018,1994375.0
835286,SCOPE,Pierangelo Geppetti,"University of Florence [999895789,IT]",Advanced Grants,2018,2185921.0
834634,VACCIBIOME,Guido Grandi,"University of Trento [999841954,IT]",Advanced Grants,2018,2450000.0
759532,X-TAM,Renato Ostuni,"San Raffaele Hospital [953176030,IT]",Starting Grants,2017,1498125.0
780807,DIDO-MS,Ursula Grohmann Carmignani,"University of Perugia [999846319,IT]",Proof of Concept,2017,150000.0
780417,OMVCRC,Guido Grandi,"University of Trento [999841954,IT]",Proof of Concept,2017,150000.0
780386,VERA,Valentina Bollati,"University of Milan [999995796,IT]",Proof of Concept,2017,149939.0
772970,MicroC,Francesca Meteora Buffa,"Bocconi University Milan [999838850,IT]",Consolidator Grants,2017,1996325.0
787552,vAMRes,Rino Rappuoli,"Toscana Life Sciences (TLS) Foundation [998436424,IT]",Advanced Grants,2017,2432500.0
714388,NeuroTRACK,Federica Agosta,"San Raffaele Hospital [953176030,IT]",Starting Grants,2016,1496994.0
727313,AB-SWITCH,Francesco Ricci,"University of Rome - Tor Vergata [999844864,IT]",Proof of Concept,2016,150000.0
755075,GeneVision,Alberto Auricchio,"Telethon Foundation [999448716,IT]",Proof of Concept,2016,150000.0
724748,BEAT,Andrea Bertotti,"University of Turin [999861936,IT]",Consolidator Grants,2016,1793421.0
725725,ContraNPM1AML,Maria Paola Martelli,"University of Perugia [999846319,IT]",Consolidator Grants,2016,1883749.68
740230,TREAT-NPM1-AML,Brunangelo Falini,"University of Perugia [999846319,IT]",Advanced Grants,2016,2895836.0
678151,TROJANANOHORSE,Valentina Alice Cauda,"Polytechnic University of Turin [999977754,IT]",Starting Grants,2015,1489219.0
680766,FAST-DEVELOPS,Roberto Testi,"University of Rome - Tor Vergata [999844864,IT]",Proof of Concept,2015,150000.0
713652,LSDiASD,Giuseppe Testa,"University of Milan [999995796,IT]",Proof of Concept,2015,145250.0
694323,EYEGET,Alberto Auricchio,"Telethon Foundation [999448716,IT]",Advanced Grants,2015,2499564.0
639548,STARS,Monica Dentice,"University of Naples Federico II [999976590,IT]",Starting Grants,2014,1310000.0
640955,A CACTUS,Giacinto Scoles,"University of Udine [999899281,IT]",Proof of Concept,2014,149875.0
649020,PAINSTRAT,Giandomenico Iannetti,"Italian Institute of Technology [999596447,IT]",Consolidator Grants,2014,1627825.0
669387,EU-rhythmy,Silvia Giuliana Priori,"University of Pavia [999893752,IT]",Advanced Grants,2014,2314029.0
336493,NATURE NANODEVICES,Francesco Ricci,"University of Rome - Tor Vergata [999844864,IT]",Starting Grants,2013,1458600.0
616441,DISEASEAVATARS,Giuseppe Testa,"University of Milan [999995796,IT]",Consolidator Grants,2013,1997804.0
617978,FIGHT-CANCER,Massimiliano Pagani,"University of Milan [999995796,IT]",Consolidator Grants,2013,1998000.0
617471,Hairy Cell Leukemia,Enrico Tiacci,"University of Perugia [999846319,IT]",Consolidator Grants,2013,2000000.0
615879,HIV LTR G-4,Sara Richter,"University of Padua [999995602,IT]",Consolidator Grants,2013,1989471.0
617162,HSCsforLSDbrain,Alessandra Biffi,"University of Padua [999995602,IT]",Consolidator Grants,2013,1751147.0
338954,DIDO,Ursula Grohmann,"University of Perugia [999846319,IT]",Advanced Grants,2013,2442078.0
340915,OMVac,Guido Grandi,"University of Trento [999841954,IT]",Advanced Grants,2013,2612828.0
340060,ONCOLYTIC-HERPES,Maria Gabriella Campadelli,"University of Bologna [999993953,IT]",Advanced Grants,2013,2477346.0
340527,ReproPARK,Vania Broccoli,"San Raffaele Hospital [953176030,IT]",Advanced Grants,2013,2415767.0
338999,TRANSLATE,Stefano Biffo,"University of Milan [999995796,IT]",Advanced Grants,2013,2496000.0
311682,ALLELECHOKER,Enrico Maria Surace,"Telethon Foundation [999448716,IT]",Starting Grants,2012,1354840.0
311596,IEMTx,Nicola Brunetti-Pierri,"Telethon Foundation [999448716,IT]",Starting Grants,2012,1491520.0
322752,MeMeMe,Franco Berrino,"National Cancer Institute - Foundation IRCCS [998538759,IT]",Advanced Grants,2012,2499999.6
280611,RegeneratioNfix,Graziella Messina,"University of Milan [999995796,IT]",Starting Grants,2011,1386945.0
282085,RetGenTx,Alberto Auricchio,"Telethon Foundation [999448716,IT]",Starting Grants,2011,1500000.0
282413,SPHERE,Valentina Bollati,"University of Milan [999995796,IT]",Starting Grants,2011,1444742.0
293699,FAST,Roberto Testi,"University of Rome - Tor Vergata [999844864,IT]",Advanced Grants,2011,1496200.0
293714,FunMeta,Luigina Romani,"University of Perugia [999846319,IT]",Advanced Grants,2011,2299200.0
260888,CBCD,Enza Maria Valente,"University of Pavia [999893752,IT]",Starting Grants,2010,1367960.0
261178,CGT hemophilia A,Antonia Follenzi,"University of Eastern Piedmont [999905392,IT]",Starting Grants,2010,1123000.0
269022,i-MIRNOME,Sergio Abrignani,"University of Milan [999995796,IT]",Advanced Grants,2010,2496000.0
269051,QUIDPROQUO,"Giacinto Scoles, Giuseppe Toffoli","University of Udine [999899281,IT], University of Udine [999899281,IT]",Advanced Grants,2010,2979700.0
268632,RESET,Giuseppe Remuzzi,"Mario Negri Institute for Pharmacological Research [999661146,IT]",Advanced Grants,2010,2493000.0
250124,FunSel,Mauro Giacca,"International Centre for Genetic Engineering and Biotechnology [999470444,IT]",Advanced Grants,2009,1824000.0
249845,TARGETINGGENETHERAPY,Luigi Naldini,"Vita-Salute San Raffaele University [999854467,IT]",Advanced Grants,2009,2500000.0
204863,EpiFor,Vittoria Colizza,"Institute for Scientific Interchange - Turin (ISI Foundation) [999953116,IT]",Starting Grants,2007,684000.0
204279,ncRNAs-Splicing-FSHD,Davide Gabellini,"San Raffaele Hospital [953176030,IT]",Starting Grants,2007,1435140.0
101163496,FEEDRES,Camilla Sguotti,"University of Padua [999995602,IT]",Starting Grants,2024,1377554.0
101115960,EcoMEMO,Alberto Canarini,"University of Bologna [999993953,IT]",Starting Grants,2023,1451568.0
101045015,microTOUCH,Nicola Segata,"University of Trento [999841954,IT]",Consolidator Grants,2021,2394779.0
957533,PB3P,Nicola Segata,"Prebiomics [898136872,IT]",Proof of Concept,2020,150000.0
772284,IceCommunities,Gentile Francesco Ficetola,"University of Milan [999995796,IT]",Consolidator Grants,2017,1845773.0
716575,MetaPG,Nicola Segata,"University of Trento [999841954,IT]",Starting Grants,2016,1499482.0
682394,NIRV_HOST_INT,Mariangela Bonizzoni,"University of Pavia [999893752,IT]",Consolidator Grants,2015,1686875.0
101157871,BURnOUT,Velia Siciliano,"Italian Institute of Technology [999596447,IT]",Proof of Concept,2023,150000.0
101077714,COnNect,Cecilia Laterza,"University of Padua [999995602,IT]",Starting Grants,2022,1500000.0
101053983,GrInSun,Roberto Bassi,"University of Verona [999838074,IT]",Advanced Grants,2021,2418313.0
950050,PREDICT-CARE,Pedro Miguel Mena Parreño,"University of Parma [999846028,IT]",Starting Grants,2020,2309518.0
966841,TICK,Anna Moroni,"University of Milan [999995796,IT]",Proof of Concept,2020,150000.0
852012,Synthetic T-rEX,Velia Siciliano,"Italian Institute of Technology [999596447,IT]",Starting Grants,2019,1496250.0
875429,ASTEASY,Matteo Ballottari,"University of Verona [999838074,IT]",Proof of Concept,2019,150000.0
875129,BREAK,Anna Moroni,"University of Milan [999995796,IT]",Proof of Concept,2019,150000.0
825936,ASTAOMEGA,Matteo Ballottari,"University of Verona [999838074,IT]",Proof of Concept,2018,149955.0
842429,LaunTeNaBio,Irene Ricci,"Camerino University [999845737,IT]",Proof of Concept,2018,149685.0
679814,SOLENALGAE,Matteo Ballottari,"University of Verona [999838074,IT]",Starting Grants,2015,1441875.0
695078,noMAGIC,Anna Moroni,"University of Milan [999995796,IT]",Advanced Grants,2015,2409209.0
309485,BioLEAP,Tomas Morosinotto,"University of Padua [999995602,IT]",Starting Grants,2012,1257600.0
281222,SymbioVec,Irene Ricci,"Camerino University [999845737,IT]",Starting Grants,2011,1500000.0
294780,NOVABREED,Michele Morgante,"University of Udine [999899281,IT]",Advanced Grants,2011,2473500.0
260963,FLARE,Fabio Fornara,"University of Milan [999995796,IT]",Starting Grants,2010,1499880.0
233083,FUEL-PATH,Felice Cervone,"Sapienza University of Rome [999987745,IT]",Advanced Grants,2008,2099600.0
101165368,MAGNETIC,Alessandro Pigati,"Bocconi University Milan [999838850,IT]",Starting Grants,2024,1420400.0
101169953,RISE,Guido De Philippis,"University of Padua [999995602,IT]",Consolidator Grants,2024,1655000.0
101200514,OPTiMiSE,Giuseppe Savaré,"Bocconi University Milan [999838850,IT]",Advanced Grants,2024,2186890.0
101114995,ALcHyMiA,Elena Gaburro,"University of Verona [999838074,IT]",Starting Grants,2023,1500000.0
101117299,MaTCh,Serena Cenatiempo,"Gran Sasso Science Institute (GSSI) [917519994,IT]",Starting Grants,2023,1499004.0
101124349,GENERATE,Andrea Seppi,"University of Turin [999861936,IT]",Consolidator Grants,2023,1676870.0
101124921,GUnDHam,Alberto Maspero,"International School for Advanced Studies - Trieste [999850878,IT]",Consolidator Grants,2023,1444033.0
101125162,KiLiM,Sergio Simonella,"Sapienza University of Rome [999987745,IT]",Consolidator Grants,2023,1396400.0
101125012,SiGMA,Eleonora Di Nezza,"University of Rome - Tor Vergata [999844864,IT]",Consolidator Grants,2023,1236738.0
101076411,ANGEVA,Antonio De Rosa,"Bocconi University Milan [999838850,IT]",Starting Grants,2022,1492700.0
101078057,ConFine,Adolfo Arroyo Rabasa,"University of Pisa [999862712,IT]",Starting Grants,2022,1439816.0
101077154,DAT,Martino Lupini,"University of Bologna [999993953,IT]",Starting Grants,2022,989395.0
101076564,PrSc-HDBayLe,Giacomo Zanella,"Bocconi University Milan [999838850,IT]",Starting Grants,2022,1488673.0
101069319,ARGOS,Gianluigi Rozza,"International School for Advanced Studies - Trieste [999850878,IT]",Proof of Concept,2022,150000.0
101095900,TriCatApp,Amnon Neeman,"University of Milan [999995796,IT]",Advanced Grants,2022,1042645.0
101041064,BigBayesUQ,Botond Szabo,"Bocconi University Milan [999838850,IT]",Starting Grants,2021,1492750.0
101040991,FermiMath,Niels Patriz Benedikter,"University of Milan [999995796,IT]",Starting Grants,2021,1306637.0
101039762,HamDyWWa,Riccardo Montalto,"University of Milan [999995796,IT]",Starting Grants,2021,1268106.0
101041040,SAMPDE,Giovanni S. Alberti,"University of Genoa [999976687,IT]",Starting Grants,2021,1153125.0
101053472,NoisyFluid,Franco Flandoli,"Normal Superior School of Pisa [999886962,IT]",Advanced Grants,2021,1785875.0
947923,CHANGE,Alessandro Carlotto,"University of Trento [999841954,IT]",Starting Grants,2020,1342500.0
945655,GeoSub,Luca Rizzi,"International School for Advanced Studies - Trieste [999850878,IT]",Starting Grants,2020,1171465.0
853404,VAREG,Bozhidar Velichkov,"University of Pisa [999862712,IT]",Starting Grants,2019,1330325.0
802901,MaMBoQ,Marcello Porta,"International School for Advanced Studies - Trieste [999850878,IT]",Starting Grants,2018,982625.0
817257,NBEB-SSP,Stefano Favaro,"University of Turin [999861936,IT]",Consolidator Grants,2018,982930.0
759229,HiCoS,Emanuele Spadaro,"Sapienza University of Rome [999987745,IT]",Starting Grants,2017,1341250.0
771507,StabCondEn,Paolo Stellari,"University of Milan [999995796,IT]",Consolidator Grants,2017,785866.0
724939,UniCoSM,Alessandro Giuliani,"University of Rome - Roma Tre [999866107,IT]",Consolidator Grants,2016,1235875.0
740132,iHEART,Alfio Maria Quarteroni,"Polytechnic University of Milan [999879881,IT]",Advanced Grants,2016,2351544.0
677793,StableChaoticPlanetM,Gabriella Pinzari,"University of Padua [999995602,IT]",Starting Grants,2015,900000.0
681447,AROMA-CFD,Gianluigi Rozza,"International School for Advanced Studies - Trieste [999850878,IT]",Consolidator Grants,2015,1656579.0
681162,CAVE,Lourenco Beirao Da Veiga,"University of Milan -  Bicocca [999923531,IT]",Consolidator Grants,2015,980634.0
669240,QUEST,Roberto Longo,"University of Rome - Tor Vergata [999844864,IT]",Advanced Grants,2014,1587500.0
616563,HIGEOM,Giancarlo Sangalli,"University of Pavia [999893752,IT]",Consolidator Grants,2013,928188.0
339958,COMPAT,Susanna Terracini,"University of Turin [999861936,IT]",Advanced Grants,2013,1346145.0
306414,HamPDEs,Michela Procesi,"University of Rome - Roma Tre [999866107,IT]",Starting Grants,2012,678000.0
306406,N-BNP,Igor Pruenster,"Bocconi University Milan [999838850,IT]",Starting Grants,2012,957939.2
307119,StabAGDG,Jacopo Stoppa,"International School for Advanced Studies - Trieste [999850878,IT]",Starting Grants,2012,511936.0
279558,DASTCO,Paul Joseph Wollan,"Sapienza University of Rome [999987745,IT]",Starting Grants,2011,850000.0
277691,HEVO,Filippo Bracci,"University of Rome - Tor Vergata [999844864,IT]",Starting Grants,2011,700000.0
277742,PASCAL,Domenico Marinucci,"University of Rome - Tor Vergata [999844864,IT]",Starting Grants,2011,1193000.0
278267,STIMULUS,Michael Dumbser,"University of Trento [999841954,IT]",Starting Grants,2011,918000.0
290888,QuaDynEvoPro,Gianni Dal Maso,"International School for Advanced Studies - Trieste [999850878,IT]",Advanced Grants,2011,968500.0
256872,EntroPhase,Elisabetta Rocca,"University of Pavia [999893752,IT]",Starting Grants,2010,659784.88
267273,Diophantine Problems,Umberto Zannier,"Normal Superior School of Pisa [999886962,IT]",Advanced Grants,2010,928500.0
239694,CoMBoS,Alessandro Giuliani,"University of Rome - Roma Tre [999866107,IT]",Starting Grants,2009,650000.0
240385,ConLaws,Stefano Bianchini,"International School for Advanced Studies - Trieste [999850878,IT]",Starting Grants,2009,422000.0
246923,GeMeThnES,Luigi Ambrosio,"Normal Superior School of Pisa [999886962,IT]",Advanced Grants,2009,749800.0
246953,MALADY,Carlangelo Liverani,"University of Rome - Tor Vergata [999844864,IT]",Advanced Grants,2009,1372720.0
226234,AnTeGeFI,Nicola Fusco,"University of Naples Federico II [999976590,IT]",Advanced Grants,2008,600000.0
228217,FroM-PDE,Boris Dubrovin,"International School for Advanced Studies - Trieste [999850878,IT]",Advanced Grants,2008,864000.0
227458,OACFT,Roberto Longo,"University of Rome - Tor Vergata [999844864,IT]",Advanced Grants,2008,1044750.0
228032,PTRELSS,Fabio Martinelli,"University of Rome - Roma Tre [999866107,IT]",Advanced Grants,2008,1248067.0
200497,BioSMA,Ulisse Stefanelli,"National Research Council (CNR) - Italy [999979500,IT]",Starting Grants,2007,700000.0
205004,GeoPDEs,Annalisa Buffa,"National Research Council (CNR) - Italy [999979500,IT]",Starting Grants,2007,750000.0
204979,HamiltonianPDEs,Massimiliano Berti,"University of Naples Federico II [999976590,IT]",Starting Grants,2007,400000.0
207573,Vectorial Problems,Giuseppe Mingione,"University of Parma [999846028,IT]",Starting Grants,2007,500000.0
101164646,FORESEEING,Simona Colombelli,"University of Naples Federico II [999976590,IT]",Starting Grants,2024,1231718.0
101162816,OMEN,Giacomo Pozzi,"University of Padua [999995602,IT]",Starting Grants,2024,2143975.0
101213818,MODEM,Manuele Faccenda,"University of Padua [999995602,IT]",Proof of Concept,2024,150000.0
101170872,DEGAS,Sara Callegaro,"University of Bologna [999993953,IT]",Consolidator Grants,2024,1999401.0
101167761,MATRICs,Pietro Sternai,"University of Milan -  Bicocca [999923531,IT]",Consolidator Grants,2024,1999968.75
101199315,MADAM,Fabrizio Nestola,"University of Padua [999995602,IT]",Advanced Grants,2024,3499978.0
101040600,HYQUAKE,Marco Maria Scuderi,"Sapienza University of Rome [999987745,IT]",Starting Grants,2021,1462710.0
101041620,INHERIT,Martha Giovanna Pamato,"University of Padua [999995602,IT]",Starting Grants,2021,1499758.0
101044772,NANOVOLC,Danilo Di Genova,"National Research Council (CNR) - Italy [999979500,IT]",Consolidator Grants,2021,1999073.39
948972,COEVOLVE,Donato Giovannelli,"University of Naples Federico II [999976590,IT]",Starting Grants,2020,2080438.0
948666,NaPuE,Monica Passananti,"University of Turin [999861936,IT]",Starting Grants,2020,1624751.0
949417,VapLoss,Remco Hin,"National Research Council (CNR) - Italy [999979500,IT]",Starting Grants,2020,1600232.0
864045,DeepSeep,Alberto Vitale Brovarone,"University of Bologna [999993953,IT]",Consolidator Grants,2019,2474368.0
802777,MONIFAULTS,Piero Poli,"University of Padua [999995602,IT]",Starting Grants,2018,1393174.0
802414,WARMCOASTS,Alessio Rovere,"University of Venice [999897341,IT]",Starting Grants,2018,1499965.0
835012,TECTONIC,Chris Marone,"Sapienza University of Rome [999987745,IT]",Advanced Grants,2018,3459750.0
758199,NEWTON,Manuele Faccenda,"University of Padua [999995602,IT]",Starting Grants,2017,1466030.0
770999,DyNET,Gianluca Botter,"University of Padua [999995602,IT]",Consolidator Grants,2017,1999758.0
714936,TRUE DEPTHS,Matteo Alvaro,"University of Pavia [999893752,IT]",Starting Grants,2016,1697500.0
612776,CHRONOS,Diego Perugini,"University of Perugia [999846319,IT]",Consolidator Grants,2013,1993813.0
614705,NOFEAR,Giulio Di Toro,"University of Padua [999995602,IT]",Consolidator Grants,2013,1963800.0
305377,BRIDGE,Alessandro Aiuppa,"University of Palermo [999734284,IT]",Starting Grants,2012,1496222.0
307322,INDIMEDEA,Fabrizio Nestola,"University of Padua [999995602,IT]",Starting Grants,2012,1423464.1
259256,GLASS,Cristiano Collettini,"National Institute of Geophysics and Volcanology- Italy (INGV) [999472675,IT]",Starting Grants,2010,1514400.0
267696,EARLYhumanIMPACT,Carlo Barbante,"University of Venice [999897341,IT]",Advanced Grants,2010,2370767.0
247349,AFRICA-GHG,Riccardo Valentini,"National Research Center on Climate Science and Policy - Italy [999419422,IT]",Advanced Grants,2009,2406950.0
205175,USEMS,Giulio Di Toro,"National Institute of Geophysics and Volcanology- Italy (INGV) [999472675,IT]",Starting Grants,2007,1992000.0
101163799,3DnanoGiant,Sara Nocentini,"National Institute of Metrological Research [998627805,IT]",Starting Grants,2024,1500000.0
101160604,MEMBRAIN,Gianluca Milano,"National Institute of Metrological Research [998627805,IT]",Starting Grants,2024,1487500.0
101162914,TREAT,Eva Arianna Aurelia Pogna,"National Research Council (CNR) - Italy [999979500,IT]",Starting Grants,2024,1500000.0
101171012,ELOW-DI,Giulia Grancini,"University of Pavia [999893752,IT]",Consolidator Grants,2024,1991250.0
101115925,EOS,Giuseppe Maria Paternò,"Polytechnic University of Milan [999879881,IT]",Starting Grants,2023,1500000.0
101116135,MiMETIC,Giorgio Ernesto Bonacchini,"University of Padua [999995602,IT]",Starting Grants,2023,2216250.0
101124721,EpiC,Fabian Meder,"Superior School Sant'Anna [999884731,IT]",Consolidator Grants,2023,1999625.0
101041229,JANUS BI,Teresa Gatti,"Polytechnic University of Turin [999977754,IT]",Starting Grants,2021,1500000.0
101040681,SUPER,Daniele Cortecchia,"University of Bologna [999993953,IT]",Starting Grants,2021,2474375.0
101044020,GIULIa,Teresa Pellegrino,"Italian Institute of Technology [999596447,IT]",Consolidator Grants,2021,2993750.0
101043968,Multimech,Alessio Zaccone,"University of Milan [999995796,IT]",Consolidator Grants,2021,952785.0
101165230,ETQO,Ludovico Lami,"Normal Superior School of Pisa [999886962,IT]",Starting Grants,2024,1499850.0
101163231,OPOSSUM,Paul Andrei Puiu,"National Institute for Nuclear Physics - Italy [999992789,IT]",Starting Grants,2024,1497500.0
101117510,AstroDarkLS,Andrea Caputo,"Sapienza University of Rome [999987745,IT]",Starting Grants,2023,1500000.0
101114881,QUANTHEM,Lorenzo Piroli,"University of Bologna [999993953,IT]",Starting Grants,2023,1405750.0
101124288,CompleX,Valentina Sola,"University of Turin [999861936,IT]",Consolidator Grants,2023,1800926.0
101125112,HoloBoot,Massimo Taronna,"University of Naples Federico II [999976590,IT]",Consolidator Grants,2023,1996250.0
101126304,NOTIMEFORCOSMO,Guilherme Leite Pimentel,"Normal Superior School of Pisa [999886962,IT]",Consolidator Grants,2023,1610469.0
101076737,CeleBH,Laura Donnay,"International School for Advanced Studies - Trieste [999850878,IT]",Starting Grants,2022,969334.0
101077500,QLR-Net,Nicolò Defenu,"National Research Council (CNR) - Italy [999979500,IT]",Starting Grants,2022,1497801.0
101076129,QUAVADIS,Woo Jin Kwon,"University of Milan [999995796,IT]",Starting Grants,2022,1500000.0
101087663,DANAE,Marco Vignati,"Sapienza University of Rome [999987745,IT]",Consolidator Grants,2022,2587500.0
101088394,QUINTESSEnCE,Costanza Toninelli,"National Research Council (CNR) - Italy [999979500,IT]",Consolidator Grants,2022,1999993.0
101087295,RES-NOVA,Luca Pattavina,"University of Milan -  Bicocca [999923531,IT]",Consolidator Grants,2022,2661005.0
101040760,FFHiggsTop,Tiziano Peraro,"University of Bologna [999993953,IT]",Starting Grants,2021,1104218.75
101055319,Supersolids,Giovanni Modugno,"University of Florence [999895789,IT]",Advanced Grants,2021,2065000.0
950692,CosmicAntiNuclei,Francesca Bellini,"University of Bologna [999993953,IT]",Starting Grants,2020,1468625.0
949438,OrbiDynaMIQs,Francesco Scazza,"University of Trieste [999842051,IT]",Starting Grants,2020,1412829.0
947715,POKER,Andrea Celentano,"National Institute for Nuclear Physics - Italy [999992789,IT]",Starting Grants,2020,1484853.0
966623,DAPTOMIC,Francesco Saverio Pavone,"University of Florence [999895789,IT]",Proof of Concept,2020,150000.0
101001205,ASYMOW,Lorenzo Bianchini,"University of Pisa [999862712,IT]",Consolidator Grants,2020,1683750.0
101002207,QCDHighDensityCMS,Leticia Cunqueiro Mendez,"Sapienza University of Rome [999987745,IT]",Consolidator Grants,2020,1731406.0
848411,AuDACE,Matteo Lucchini,"Polytechnic University of Milan [999879881,IT]",Starting Grants,2019,1466250.0
852016,SHADES,Andreas Best,"University of Naples Federico II [999976590,IT]",Starting Grants,2019,1346595.0
899912,SLAQ,Carlo Sias,"National Institute of Metrological Research [998627805,IT]",Proof of Concept,2019,150000.0
864583,NP-QFT,Francesco Benini,"International School for Advanced Studies - Trieste [999850878,IT]",Consolidator Grants,2019,1552458.0
884676,QU-BOSS,Fabio Sciarrino,"Sapienza University of Rome [999987745,IT]",Advanced Grants,2019,2875000.0
804815,MEGANTE,Gabriele Rosi,"National Institute for Nuclear Physics - Italy [999992789,IT]",Starting Grants,2018,1550000.0
804305,StrEnQTh,Philipp Hans-Jürgen Hauke,"University of Trento [999841954,IT]",Starting Grants,2018,1499563.0
813103,FESTA,Caterina Vozzi,"National Research Council (CNR) - Italy [999979500,IT]",Proof of Concept,2018,150000.0
825879,FLUO,Dario Polli,"Polytechnic University of Milan [999879881,IT]",Proof of Concept,2018,150000.0
819627,4DPHOTON,Massimiliano Fiorini,"National Institute for Nuclear Physics - Italy [999992789,IT]",Consolidator Grants,2018,1975000.0
818744,INITIUM,Elisabetta Baracchini,"Gran Sasso Science Institute (GSSI) [917519994,IT]",Consolidator Grants,2018,1995719.0
758329,AGEnTh,Marcello Dalmonte,"International School for Advanced Studies - Trieste [999850878,IT]",Starting Grants,2017,1055317.0
758903,CFT-MAP,Alessandro Vichi,"University of Pisa [999862712,IT]",Starting Grants,2017,1500000.0
757480,DarkGRA,Paolo Pani,"Sapienza University of Rome [999987745,IT]",Starting Grants,2017,1337480.94
780757,ElecOpteR,Daniele Sanvitto,"National Research Council (CNR) - Italy [999979500,IT]",Proof of Concept,2017,149406.0
772099,JetDynamics,Simon David Badger,"University of Turin [999861936,IT]",Consolidator Grants,2017,1764478.0
771536,NEMO,Pasquale Calabrese,"International School for Advanced Studies - Trieste [999850878,IT]",Consolidator Grants,2017,1521423.0
771642,SELDOM,Nicola Neri,"University of Milan [999995796,IT]",Consolidator Grants,2017,1933750.0
772126,TICTOCGRAV,Nicola Poli,"University of Florence [999895789,IT]",Consolidator Grants,2017,1999011.25
785932,RG.BIO,Andrea Cavagna,"National Research Council (CNR) - Italy [999979500,IT]",Advanced Grants,2017,2301250.0
714625,NURE,Manuela Cavallaro,"National Institute for Nuclear Physics - Italy [999992789,IT]",Starting Grants,2016,1272000.0
714788,REINVENT,Simone Alioli,"University of Milan -  Bicocca [999923531,IT]",Starting Grants,2016,1500000.0
754802,CHIMERA,Dario Polli,"Polytechnic University of Milan [999879881,IT]",Proof of Concept,2016,149375.0
740006,NNNPDF,Stefano Forte,"University of Milan [999995796,IT]",Advanced Grants,2016,1602862.0
693604,3D-COUNT,Fabio Sciarrino,"Sapienza University of Rome [999987745,IT]",Proof of Concept,2015,150000.0
713651,PROCEEDS,Irene Rosana Giardina,"National Research Council (CNR) - Italy [999979500,IT]",Proof of Concept,2015,150000.0
681647,ENUBET,Andrea Longhin,"University of Padua [999995602,IT]",Consolidator Grants,2015,2000000.0
682629,TOPSIM,Leonardo Fallani,"University of Florence [999895789,IT]",Consolidator Grants,2015,1595000.0
692943,BrainBIT,Francesco Pavone,"University of Florence [999895789,IT]",Advanced Grants,2015,2370250.0
694925,LoTGlasSy,Giorgio Parisi,"Sapienza University of Rome [999987745,IT]",Advanced Grants,2015,1760000.0
694683,PHOSPhOR,Lorenzo Marrucci,"University of Naples Federico II [999976590,IT]",Advanced Grants,2015,1680833.0
637844,HBQFTNCER,Sara Pasquetti,"University of Milan -  Bicocca [999923531,IT]",Starting Grants,2014,1287088.0
639242,PlusOne,Carlo Sias,"National Institute of Metrological Research [998627805,IT]",Starting Grants,2014,1496250.0
637738,PoLiChroM,Matteo Zaccanti,"National Research Council (CNR) - Italy [999979500,IT]",Starting Grants,2014,1495000.0
664782,VANGUARD,Claudio Conti,"National Research Council (CNR) - Italy [999979500,IT]",Proof of Concept,2014,150000.0
647981,3DSPIN,Alessandro Bacchetta,"University of Pavia [999893752,IT]",Consolidator Grants,2014,1509000.0
647390,EXPLORINGMATTER,Giulia Manca,"University of Cagliari [999841663,IT]",Consolidator Grants,2014,1849957.0
649031,iMPACT,Piero Giubilato,"University of Padua [999995602,IT]",Consolidator Grants,2014,1810000.0
648723,NPTEV-TQP2020,Lucio Cerrito,"University of Rome - Tor Vergata [999844864,IT]",Consolidator Grants,2014,1971841.0
648615,VIBRA,Dario Polli,"Polytechnic University of Milan [999879881,IT]",Consolidator Grants,2014,1822500.0
669668,NEO-NAT,Alessandro Strumia,"University of Pisa [999862712,IT]",Advanced Grants,2014,1876215.3
669529,UFSD,Nicolo' Cartiglia,"National Institute for Nuclear Physics - Italy [999992789,IT]",Advanced Grants,2014,1793312.5
335359,CALDER,Marco Vignati,"National Institute for Nuclear Physics - Italy [999992789,IT]",Starting Grants,2013,1176758.4
337135,Q-SEnS2,Paola Cappellaro,"European Laboratory for Non-linear Spectroscopy [999582479,IT]",Starting Grants,2013,1500000.0
615089,CRYSBEAM,Gianluca Cavoto,"National Institute for Nuclear Physics - Italy [999992789,IT]",Consolidator Grants,2013,1989746.0
340321,HOLMES,Stefano Ragazzi,"National Institute for Nuclear Physics - Italy [999992789,IT]",Advanced Grants,2013,3057067.0
307783,3D-QUEST,Fabio Sciarrino,"Sapienza University of Rome [999987745,IT]",Starting Grants,2012,1474800.0
308136,POLAFLOW,Daniele Sanvitto,"National Research Council (CNR) - Italy [999979500,IT]",Starting Grants,2012,1482600.0
307032,QuFerm2D,Giacomo Roati,"National Research Council (CNR) - Italy [999979500,IT]",Starting Grants,2012,1243200.0
307964,UDynI,Caterina Vozzi,"National Research Council (CNR) - Italy [999979500,IT]",Starting Grants,2012,1483967.0
307286,XD-STRING,Alessandro Tomasiello,"University of Milan -  Bicocca [999923531,IT]",Starting Grants,2012,679200.0
320873,SOX,Marco Pallavicini,"National Institute for Nuclear Physics - Italy [999992789,IT]",Advanced Grants,2012,3451600.0
279391,EDEQS,Pasquale Calabrese,"International School for Advanced Studies - Trieste [999850878,IT]",Starting Grants,2011,1108000.0
279972,NPFlavour,Luca Silvestrini,"National Institute for Nuclear Physics - Italy [999992789,IT]",Starting Grants,2011,1258920.0
291349,PHOTBOTS,Diederik Sybolt Wiersma,"European Laboratory for Non-linear Spectroscopy [999582479,IT]",Advanced Grants,2011,2200000.0
258325,AISENS,Marco Fattori,"National Research Council (CNR) - Italy [999979500,IT]",Starting Grants,2010,1068000.0
259684,QGPDyn,Vincenzo Greco,"University of Catania [999874061,IT]",Starting Grants,2010,655000.0
257126,SWARM,Irene Rosana Giardina,"National Research Council (CNR) - Italy [999979500,IT]",Starting Grants,2010,1124000.0
267985,DaMESyFla,Guido Martinelli,"International School for Advanced Studies - Trieste [999850878,IT]",Advanced Grants,2010,1439400.0
267915,OPTINF,Riccardo Zecchina,"Polytechnic University of Turin [999977754,IT]",Advanced Grants,2010,1260104.92
267159,QGBE,Sandro Stringari,"University of Trento [999841954,IT]",Advanced Grants,2010,1638560.0
247328,CriPheRaSy,Giorgio Parisi,"Sapienza University of Rome [999987745,IT]",Advanced Grants,2009,2098800.0
247371,DISQUA,Massimo Inguscio,"European Laboratory for Non-linear Spectroscopy [999582479,IT]",Advanced Grants,2009,2500000.0
247115,LUCIFER,"Andrea Giuliani, Fernando Ferroni","National Institute for Nuclear Physics - Italy [999992789,IT], National Institute for Nuclear Physics - Italy [999992789,IT]",Advanced Grants,2009,3294400.0
227355,ELYCHE,Mauro Nisoli,"Polytechnic University of Milan [999879881,IT]",Advanced Grants,2008,2446200.0
201766,COMPLEXLIGHT,Claudio Conti,"National Research Council (CNR) - Italy [999979500,IT]",Starting Grants,2007,1085000.0
203479,QUPOL,Giovanni Modugno,"European Laboratory for Non-linear Spectroscopy [999582479,IT]",Starting Grants,2007,1230000.0
101163391,CHIROLE,Claudia Fasolato,"Sapienza University of Rome [999987745,IT]",Starting Grants,2024,1499544.0
101157420,MICROSENS,Emanuela Zaccarelli,"National Research Council (CNR) - Italy [999979500,IT]",Proof of Concept,2023,150000.0
101124606,3DCuT,Nicola Poccia,"Leibniz Institute for Solid State and Materials Research Dresden [999544746,DE], University of Naples Federico II [999976590,IT]",Consolidator Grants,2023,1999712.5
101066434,MICROTECH,Emanuela Zaccarelli,"National Research Council (CNR) - Italy [999979500,IT]",Proof of Concept,2022,150000.0
101042349,NANOWHYR,Marta De Luca,"Sapienza University of Rome [999987745,IT]",Starting Grants,2021,1499393.0
101053167,GLAXES,Giulio Monaco,"University of Padua [999995602,IT]",Advanced Grants,2021,2499876.0
860365,COBRAS,Daniele Fausti,"Sinctrotrone Trieste / Electtra Laboratory [999589851,IT]",Proof of Concept,2019,150000.0
862078,MAREP,Francesco De Angelis,"Italian Institute of Technology [999596447,IT]",Proof of Concept,2019,150000.0
899315,TERASEC,Francesco Giazotto,"National Research Council (CNR) - Italy [999979500,IT]",Proof of Concept,2019,150000.0
866127,CAPTUR3D,Francesco Cardarelli,"Normal Superior School of Pisa [999886962,IT]",Consolidator Grants,2019,1985750.0
866026,S-BaXIT,Pierre Thibault,"University of Trieste [999842051,IT]",Consolidator Grants,2019,2212913.75
834615,SYGMA,Roberto Di Leonardo,"Sapienza University of Rome [999987745,IT]",Advanced Grants,2018,2397500.0
759187,SOFTWATER,John Russo,"Sapienza University of Rome [999987745,IT]",Starting Grants,2017,952561.0
758588,VARIAMOLS,Raffaello Potestio,"University of Trento [999841954,IT]",Starting Grants,2017,1339351.0
780333,ADMIRE,Roberto Di Leonardo,"Sapienza University of Rome [999987745,IT]",Proof of Concept,2017,150000.0
677513,BioMNP,Giulia Rossi,"University of Genoa [999976687,IT]",Starting Grants,2015,1131250.0
677488,INCEPT,Daniele Fausti,"University of Trieste [999842051,IT]",Starting Grants,2015,1500000.0
679183,SPQRel,Rinaldo Trotta,"Sapienza University of Rome [999987745,IT]",Starting Grants,2015,1499962.5
681597,MIMIC,Emanuela Zaccarelli,"National Research Council (CNR) - Italy [999979500,IT]",Consolidator Grants,2015,1314375.0
692670,FIRSTORM,Michele Fabrizio,"International School for Advanced Studies - Trieste [999850878,IT]",Advanced Grants,2015,1422684.0
647725,NEURO-PATTERNS,Tommaso Fellin,"Italian Institute of Technology [999596447,IT]",Consolidator Grants,2014,1974000.0
615187,COMANCHE,Francesco Giazotto,"National Research Council (CNR) - Italy [999979500,IT]",Consolidator Grants,2013,1754897.0
616213,Neuro-Plasmonics,Francesco De Angelis,"Italian Institute of Technology [999596447,IT]",Consolidator Grants,2013,1388000.0
307940,SMART,Roberto Di Leonardo,"Sapienza University of Rome [999987745,IT]",Starting Grants,2012,1448400.0
320796,MODPHYSFRICT,Erio Tosatti,"International School for Advanced Studies - Trieste [999850878,IT]",Advanced Grants,2012,1550000.0
321122,SouLMan,Alessandro Tredicucci,"University of Pisa [999862712,IT]",Advanced Grants,2012,2180306.0
279004,DROEMU,Mauro Sbragaglia,"University of Rome - Tor Vergata [999844864,IT]",Starting Grants,2011,1170923.64
267746,MolNanoMaS,Roberta Sessoli,"University of Florence [999895789,IT]",Advanced Grants,2010,2269200.0
240524,SUPERBAD,Massimo Capone,"International School for Advanced Studies - Trieste [999850878,IT]",Starting Grants,2009,1000000.0
226207,PATCHYCOLLOIDS,Francesco Sciortino,"Sapienza University of Rome [999987745,IT]",Advanced Grants,2008,1559159.99
207916,FEMTOSCOPY,Tullio Scopigno,"Sapienza University of Rome [999987745,IT]",Starting Grants,2007,1544400.0
202804,TIMER,Claudio Masciovecchio,"Sinctrotrone Trieste / Electtra Laboratory [999589851,IT]",Starting Grants,2007,1792800.0
101163180,2D-PULSES,Giovanni Batignani,"Sapienza University of Rome [999987745,IT]",Starting Grants,2024,1498750.0
101165168,CO-TRANS-NET,Simona Ranallo,"University of Rome - Tor Vergata [999844864,IT]",Starting Grants,2024,1499750.0
101162875,MAtCHLESS,Riccardo Marin,"University of Venice [999897341,IT]",Starting Grants,2024,1500000.0
101166044,NEXUS,Gianluca Levi,"University of Trieste [999842051,IT]",Starting Grants,2024,1499999.0
101189340,ELIDIS,Francesco Ricci,"Biostructures and Biosystems National Institute (INBB) [998052207,IT]",Proof of Concept,2024,150000.0
101117858,HOLOFAST,Franco Valduga De Almeida Camargo,"National Research Council (CNR) - Italy [999979500,IT]",Starting Grants,2023,1499838.0
101117082,HYPMET,Gabriele Stevanato,"University of Padua [999995602,IT]",Starting Grants,2023,1499968.75
101123123,HYPER,Giulia Fulvia Mancini,"University of Pavia [999893752,IT]",Proof of Concept,2023,150000.0
101077181,ULYSSES,Margherita Maiuri,"Polytechnic University of Milan [999879881,IT]",Starting Grants,2022,1497100.0
101069250,IMMUNO-MONITORING,Francesco Ricci,"Biostructures and Biosystems National Institute (INBB) [998052207,IT]",Proof of Concept,2022,150000.0
101081361,SEMISOFT,Michele Ceotto,"University of Milan [999995796,IT]",Proof of Concept,2022,150000.0
101068936,SPIKE,Giulia Grancini,"University of Pavia [999893752,IT]",Proof of Concept,2022,150000.0
101095012,CHIRAX,Majed Chergui,"Sinctrotrone Trieste / Electtra Laboratory [999589851,IT]",Advanced Grants,2022,2474813.0
101040798,CHEIR,Serena Arnaboldi,"University of Milan [999995796,IT]",Starting Grants,2021,1492004.0
101040197,QED-Spin,Enrico Ronca,"University of Perugia [999846319,IT]",Starting Grants,2021,1499754.0
101052708,DELIGHT,Matteo Calandra,"University of Trento [999841954,IT]",Advanced Grants,2021,2117141.0
966759,FLE-X,Annamaria Petrozza,"Italian Institute of Technology [999596447,IT]",Proof of Concept,2020,150000.0
851154,ULTRAIMAGE,Giulia Fulvia Mancini,"University of Pavia [999893752,IT]",Starting Grants,2019,1894577.0
802862,HY-NANO,Giulia Grancini,"University of Pavia [999893752,IT]",Starting Grants,2018,1499084.0
819644,BioDisOrder,Alfonso De Simone,"University of Naples Federico II [999976590,IT]",Consolidator Grants,2018,1999945.0
818776,DYNAPOL,Giovanni Maria Pavan,"Polytechnic University of Turin [999977754,IT]",Consolidator Grants,2018,1999623.0
818064,GEMS,Chiara Cappelli,"Normal Superior School of Pisa [999886962,IT]",Consolidator Grants,2018,1609500.0
819160,PRO-TOOLKITS,Francesco Ricci,"University of Rome - Tor Vergata [999844864,IT]",Consolidator Grants,2018,1999375.0
771528,SOPHY,Annamaria Petrozza,"Italian Institute of Technology [999596447,IT]",Consolidator Grants,2017,2150000.0
786714,LIFETimeS,Benedetta Mennucci,"University of Pisa [999862712,IT]",Advanced Grants,2017,2400000.0
681285,TAME-Plasmons,Stefano Corni,"University of Padua [999995602,IT]",Consolidator Grants,2015,1432890.0
665635,MISSION,Giulio Cerullo,"Polytechnic University of Milan [999879881,IT]",Proof of Concept,2014,149625.0
647107,SEMICOMPLEX,Michele Ceotto,"University of Milan [999995796,IT]",Consolidator Grants,2014,1899973.0
306662,S-RNA-S,Giovanni Bussi,"International School for Advanced Studies - Trieste [999850878,IT]",Starting Grants,2012,1295700.0
277755,EnLight,Benedetta Mennucci,"University of Pisa [999862712,IT]",Starting Grants,2011,1300000.0
278560,QUENTRHEL,Elisabetta Collini,"University of Padua [999995602,IT]",Starting Grants,2011,1479480.0
291198,STRATUS,"Giulio Cerullo, Marco Garavelli","Polytechnic University of Milan [999879881,IT], Polytechnic University of Milan [999879881,IT]",Advanced Grants,2011,2493000.0
240624,MultiscaleChemBio,Leonardo Guidoni,"Sapienza University of Rome [999987745,IT]",Starting Grants,2009,1200000.0
207441,DEDOM,Fabio Della Sala,"National Research Council (CNR) - Italy [999979500,IT]",Starting Grants,2007,1250000.0
101138070,STORE-LIGHT,Ilka Kriegel,"Polytechnic University of Turin [999977754,IT]",Proof of Concept,2023,150000.0
101124411,EVA,Milena Patricia Arciniegas,"Italian Institute of Technology [999596447,IT]",Consolidator Grants,2023,1996889.0
101141690,PHOTOZYME,Paolo Melchiorre,"University of Bologna [999993953,IT]",Advanced Grants,2023,2945000.0
101077698,PhotoDark,Luka Dordevic,"University of Padua [999995602,IT]",Starting Grants,2022,1494500.0
101069295,CONDINKS,Ilka Kriegel,"Italian Institute of Technology [999596447,IT]",Proof of Concept,2022,150000.0
101095974,NEHA,Liberato Manna,"Italian Institute of Technology [999596447,IT]",Advanced Grants,2022,2499375.0
101039841,DEBUGGING-LPS,Flaviana Di Lorenzo,"University of Naples Federico II [999976590,IT]",Starting Grants,2021,1954308.0
101039890,ELECTRA,Mauro Perfetti,"University of Florence [999895789,IT]",Starting Grants,2021,1498784.0
101039578,PROTOMAT,Pierangelo Gobbo,"University of Trieste [999842051,IT]",Starting Grants,2021,2097713.0
101040025,SYNPHOCAT,Luca Dell'Amico,"University of Padua [999995602,IT]",Starting Grants,2021,1920260.0
949087,BioPoweredCL,Alessandro Aliprandi,"University of Padua [999995602,IT]",Starting Grants,2020,1449750.0
966334,FREENERGY,Antonio Abate,"University of Naples Federico II [999976590,IT]",Proof of Concept,2020,150000.0
963933,PHOSMED,Maurizio Peruzzini,"National Research Council (CNR) - Italy [999979500,IT]",Proof of Concept,2020,150000.0
851356,GLYCOSWITCH,Roberta Marchetti,"University of Naples Federico II [999976590,IT]",Starting Grants,2019,1994117.0
850875,Light-DYNAMO,Ilka Kriegel,"Italian Institute of Technology [999596447,IT]",Starting Grants,2019,1500000.0
899412,HyCat,Liberato Manna,"Italian Institute of Technology [999596447,IT]",Proof of Concept,2019,150000.0
899661,HyperCube,Teresa Pellegrino,"Italian Institute of Technology [999596447,IT]",Proof of Concept,2019,150000.0
865819,ANFIBIO,Laura Fabris,"Polytechnic University of Turin [999977754,IT]",Consolidator Grants,2019,2725510.0
804583,SusDrug,David Sarlah,"University of Pavia [999893752,IT]",Starting Grants,2018,1400000.0
758108,ERACHRON,Sara Sattin,"University of Milan [999995796,IT]",Starting Grants,2017,1500000.0
789815,MINIRES,Pierangelo Metrangolo,"Polytechnic University of Milan [999879881,IT]",Proof of Concept,2017,150000.0
780061,SiNBioSys,Paola Ceroni,"University of Bologna [999993953,IT]",Proof of Concept,2017,149937.5
773048,MMGNRs,Lapo Bogani,"University of Oxford [999984350,UK]",Consolidator Grants,2017,1729668.0
678109,ICARO,Teresa Pellegrino,"Italian Institute of Technology [999596447,IT]",Starting Grants,2015,1160000.0
692981,LEAPS,Alberto Credi,"University of Bologna [999993953,IT]",Advanced Grants,2015,2362950.0
640849,INSIGHT,Fabrizio Mancin,"University of Padua [999995602,IT]",Proof of Concept,2014,150000.0
647020,BIOINOHYB,Cristiana Di Valentin,"University of Milan -  Bicocca [999923531,IT]",Consolidator Grants,2014,1748125.0
670173,PHOSFUN,Maurizio Peruzzini,"National Research Council (CNR) - Italy [999979500,IT]",Advanced Grants,2014,1995554.0
614897,TRANS-NANO,Liberato Manna,"Italian Institute of Technology [999596447,IT]",Consolidator Grants,2013,2430720.0
307108,FOLDHALO,Pierangelo Metrangolo,"Polytechnic University of Milan [999879881,IT]",Starting Grants,2012,1393000.0
320951,DREAMS,Vincenzo Barone,"Normal Superior School of Pisa [999886962,IT]",Advanced Grants,2012,2152600.0
278912,PhotoSi,Paola Ceroni,"University of Bologna [999993953,IT]",Starting Grants,2011,1182606.0
259014,MOSAIC,Fabrizio Mancin,"University of Padua [999995602,IT]",Starting Grants,2010,1499000.0
239898,DYCOCA,Leonard Jan Prins,"University of Padua [999995602,IT]",Starting Grants,2009,1400000.0
240111,NANO-ARCH,Liberato Manna,"Italian Institute of Technology [999596447,IT]",Starting Grants,2009,1299960.0
227135,CARBONANOBRIDGE,Maurizio Prato,"University of Trieste [999842051,IT]",Advanced Grants,2008,2500000.0
101166056,beyond2,Sebastian Goldt,"International School for Advanced Studies - Trieste [999850878,IT]",Starting Grants,2024,1499999.0
101165466,PLA-STEER,Andrea Celli,"Bocconi University Milan [999838850,IT]",Starting Grants,2024,1316544.0
101113826,DEDUCE,Stefano Cresci,"National Research Council (CNR) - Italy [999979500,IT]",Starting Grants,2023,1494775.0
101116095,PERSONAE,Debora Nozza,"Bocconi University Milan [999838850,IT]",Starting Grants,2023,1499775.0
101115870,STEP-RL,Andrea Micheli,"Bruno Kessler Foundation (FBK) [999625450,IT]",Starting Grants,2023,1493750.0
101077455,ObfusQation,Giulio Malavolta,"Bocconi University Milan [999838850,IT]",Starting Grants,2022,1458750.0
101043189,DynAI,Laura Leal-Taixe,"NVIDIA Italy [884638061,IT]",Starting Grants,2021,1500000.0
101039208,REGINDEX,Nicola Prezza,"University of Venice [999897341,IT]",Starting Grants,2021,1385743.0
949944,INTEGRATOR,Dirk Hovy,"Bocconi University Milan [999838850,IT]",Starting Grants,2020,1498937.0
947908,REAL,Alessandro Rudi,"National Institute for Research in Computer Science and Automatic Control (INRIA) [999547074,FR]",Starting Grants,2020,1498830.0
101019547,FGC,Alon Rosen,"Bocconi University Milan [999838850,IT]",Advanced Grants,2020,2493750.0
802554,SPECGEO,Emanuele Rodola',"Sapienza University of Rome [999987745,IT]",Starting Grants,2018,1434000.0
824939,AST,Leonardo Mariani,"University of Milan -  Bicocca [999923531,IT]",Proof of Concept,2018,150000.0
818616,DIAPASoN,Ugo Dal Lago,"University of Bologna [999993953,IT]",Consolidator Grants,2018,959562.0
819789,SLING,Lorenzo Rosasco,"University of Genoa [999976687,IT]",Consolidator Grants,2018,1977500.0
834861,SO-ReCoDi,Luca Trevisan,"Bocconi University Milan [999838850,IT]",Advanced Grants,2018,1971805.0
834756,XAI,Fosca Giannotti,"Normal Superior School of Pisa [999886962,IT]",Advanced Grants,2018,2500000.0
788893,AMDROMA,Stefano Leonardi,"Sapienza University of Rome [999987745,IT]",Advanced Grants,2017,1780150.0
726487,MOUSSE,Roberto Navigli,"Sapienza University of Rome [999987745,IT]",Consolidator Grants,2016,1497250.0
680153,DMAP,Flavio Chierichetti,"Sapienza University of Rome [999987745,IT]",Starting Grants,2015,1137500.0
693174,GeCo,Stefano Ceri,"Polytechnic University of Milan [999879881,IT]",Advanced Grants,2015,2500000.0
637076,RoboExNovo,Barbara Caputo,"Italian Institute of Technology [999596447,IT]",Starting Grants,2014,1496277.0
646867,Learn,Leonardo Mariani,"University of Milan -  Bicocca [999923531,IT]",Consolidator Grants,2014,1141875.0
297463,3DV, ,"University of Parma [999846028,IT]",Proof of Concept,2011,148061.0
291389,CME,Bertrand Philippe Meyer,"Polytechnic University of Milan [999879881,IT]",Advanced Grants,2011,2482957.16
291125,MULTITHERMAN,Luca Benini,"University of Bologna [999993953,IT]",Advanced Grants,2011,2483397.0
259234,MultiJEDI,Roberto Navigli,"Sapienza University of Rome [999987745,IT]",Starting Grants,2010,1288400.0
267856,Lucretius,John Mylopoulos,"University of Trento [999841954,IT]",Advanced Grants,2010,2462095.0
228045,OFAV,Alberto Broggi,"University of Parma [999846028,IT]",Advanced Grants,2008,1751066.54
227793,SeCo,Stefano Ceri,"Polytechnic University of Milan [999879881,IT]",Advanced Grants,2008,2500000.0
227977,SMScom,Carlo Ghezzi,"Polytechnic University of Milan [999879881,IT]",Advanced Grants,2008,2544156.0
101163668,flEAP,Giacomo Moretti,"University of Trento [999841954,IT]",Starting Grants,2024,1486161.0
101164874,HyperMaSH,Stefano Luigi Oscurato,"University of Naples Federico II [999976590,IT]",Starting Grants,2024,1620500.0
101162939,I-BOT,Veronica Iacovacci,"Superior School Sant'Anna [999884731,IT]",Starting Grants,2024,1497923.75
101162173,LOOP,Davide Pierangeli,"Sapienza University of Rome [999987745,IT]",Starting Grants,2024,1499928.0
101163003,NEUROLIDAR,Filippo Pisano,"University of Padua [999995602,IT]",Starting Grants,2024,1634825.0
101189508,NEURO2D,Daniele Ielmini,"Polytechnic University of Milan [999879881,IT]",Proof of Concept,2024,150000.0
101213190,SOFTINVADERS,Stefano Palagi,"Superior School Sant'Anna [999884731,IT]",Proof of Concept,2024,150000.0
101189419,TurboEEG,Francesco Paolo Andriulli,"Polytechnic University of Turin [999977754,IT]",Proof of Concept,2024,150000.0
101169850,QNattyNet,Angela Sara Cacciapuoti,"University of Naples Federico II [999976590,IT]",Consolidator Grants,2024,1999531.0
101116257,CUE-GO,Anna Guerra,"University of Bologna [999993953,IT]",Starting Grants,2023,1055314.0
101116943,HERMES,Giulia Acconcia,"Polytechnic University of Milan [999879881,IT]",Starting Grants,2023,1500000.0
101117133,MALIN,Luca Calatroni,"University of Genoa [999976687,IT]",Starting Grants,2023,1432734.0
101116249,MUSE,Leonardo Cappello,"Superior School Sant'Anna [999884731,IT]",Starting Grants,2023,1499160.0
101116856,ROBOFLUID,Vito Cacucciolo,"Polytechnic University of Bari [999431159,IT]",Starting Grants,2023,1498750.0
101157307,MYTI,Christian Cipriani,"Superior School Sant'Anna [999884731,IT]",Proof of Concept,2023,150000.0
101138301,PROFTH,Paolo Fiorini,"Needleye Robotics - Italy [886438769,IT]",Proof of Concept,2023,150000.0
101136845,Real-Move,Arash Ajoudani,"Italian Institute of Technology [999596447,IT]",Proof of Concept,2023,150000.0
101157731,TeraScan,Miriam Serena Vitiello,"National Research Council (CNR) - Italy [999979500,IT]",Proof of Concept,2023,150000.0
101125498,MINING,Ferruccio Pisanello,"Italian Institute of Technology [999596447,IT]",Consolidator Grants,2023,2992875.0
101125923,QuNIm,Lucia Caspani,"University of Insubria [999855243,IT]",Consolidator Grants,2023,1979704.0
101141351,COMPACT,Alberto Bemporad,"IMT Institute for Advanced Studies Lucca [965146412,IT]",Advanced Grants,2023,2499375.0
101139828,HYPERSPIM,Claudio Conti,"Sapienza University of Rome [999987745,IT]",Advanced Grants,2023,2490000.0
101078411,FIND-OUT,Stefania Bartoletti,"University of Rome - Tor Vergata [999844864,IT]",Starting Grants,2022,1019000.0
101076926,INSPIRE,Giulia Giordano,"University of Trento [999841954,IT]",Starting Grants,2022,1500000.0
101077917,QOMUNE,Davide Bacco,"University of Florence [999895789,IT]",Starting Grants,2022,1498750.0
101081871,MULTIBRIDGE,Stefan Wabnitz,"Sapienza University of Rome [999987745,IT]",Proof of Concept,2022,150000.0
101069187,PhotonFAB,Roberto Osellame,"National Research Council (CNR) - Italy [999979500,IT]",Proof of Concept,2022,150000.0
101069279,PROCT,Paolo Fiorini,"University of Verona [999838074,IT]",Proof of Concept,2022,150000.0
101069299,SHANNON,Daniele Ielmini,"Polytechnic University of Milan [999879881,IT]",Proof of Concept,2022,150000.0
101081567,STAR,Miriam Serena Vitiello,"National Research Council (CNR) - Italy [999979500,IT]",Proof of Concept,2022,150000.0
101045605,INcEPTION,Francesco Negro,"University of Brescia [999893946,IT]",Consolidator Grants,2021,1999533.75
101054098,ANIMATE,Daniele Ielmini,"Polytechnic University of Milan [999879881,IT]",Advanced Grants,2021,2498868.0
948590,CELLOIDS,Stefano Palagi,"Superior School Sant'Anna [999884731,IT]",Starting Grants,2020,1499375.0
948250,SubNanoOptoDevices,Michele Tamagnone,"Italian Institute of Technology [999596447,IT]",Starting Grants,2020,1499500.0
963463,ALPI,Lorenzo Pavesi,"University of Trento [999841954,IT]",Proof of Concept,2020,150000.0
966674,IN DEPTH,Ferruccio Pisanello,"Italian Institute of Technology [999596447,IT]",Proof of Concept,2020,150000.0
966722,Preprint,Gianluca Fiori,"University of Pisa [999862712,IT]",Proof of Concept,2020,150000.0
963893,STIMBOY,Giovanni Di Pino,"Biomedical Campus University of Rome [999440665,IT]",Proof of Concept,2020,150000.0
101003304,I-Wood,Barbara Mazzolai,"Italian Institute of Technology [999596447,IT]",Consolidator Grants,2020,2000000.0
850932,Ergo-Lean,Arash Ajoudani,"Italian Institute of Technology [999596447,IT]",Starting Grants,2019,1488750.0
862085,DISPLAYGHT,Roberto Osellame,"National Research Council (CNR) - Italy [999979500,IT]",Proof of Concept,2019,150000.0
875523,PROST,Paolo Fiorini,"University of Verona [999838074,IT]",Proof of Concept,2019,150000.0
874596,WAVESCOPE,Stefan Wabnitz,"Sapienza University of Rome [999987745,IT]",Proof of Concept,2019,150000.0
864299,ELFO,Mario Caironi,"Italian Institute of Technology [999596447,IT]",Consolidator Grants,2019,1980000.0
842472,CIRCUS,Daniele Ielmini,"Polytechnic University of Milan [999879881,IT]",Proof of Concept,2018,149463.75
840446,SoftHandler,Antonio Bicchi,"Italian Institute of Technology [999596447,IT]",Proof of Concept,2018,150000.0
818669,BrightEyes,Giuseppe Vicidomini,"Italian Institute of Technology [999596447,IT]",Consolidator Grants,2018,1861250.0
770047,PEP2D,Gianluca Fiori,"University of Pisa [999862712,IT]",Consolidator Grants,2017,1883868.0
788793,BACKUP,Lorenzo Pavesi,"University of Trento [999841954,IT]",Advanced Grants,2017,2499825.0
727536,SoftHand Pro-H,Antonio Bicchi,"Italian Institute of Technology [999596447,IT]",Proof of Concept,2016,149787.0
724846,321,Francesco Paolo Andriulli,"Polytechnic University of Turin [999977754,IT]",Consolidator Grants,2016,2000000.0
742671,ARS,Paolo Fiorini,"University of Verona [999838074,IT]",Advanced Grants,2016,2750000.0
742745,CAPABLE,Roberto Osellame,"National Research Council (CNR) - Italy [999979500,IT]",Advanced Grants,2016,2381875.0
740355,STEMS,Stefan Wabnitz,"Sapienza University of Rome [999987745,IT]",Advanced Grants,2016,2084180.82
677683,MODEM,Ferruccio Pisanello,"Italian Institute of Technology [999596447,IT]",Starting Grants,2015,1996250.0
679820,MYKI,Christian Cipriani,"Superior School Sant'Anna [999884731,IT]",Starting Grants,2015,1475269.0
678908,RESHAPE,Giovanni Di Pino,"Biomedical Campus University of Rome [999440665,IT]",Starting Grants,2015,1490750.0
693680,iCARE,Dajana Cassioli,"SMARTLY: Natives of Smart Living [934717609,IT]",Proof of Concept,2015,150000.0
681379,SPRINT,Miriam Serena Vitiello,"National Research Council (CNR) - Italy [999979500,IT]",Consolidator Grants,2015,1990011.0
638059,HEROIC,Mario Caironi,"Italian Institute of Technology [999596447,IT]",Starting Grants,2014,1608125.0
638992,OPT4SMART,Giuseppe Notarstefano,"University of Bologna [999993953,IT]",Starting Grants,2014,1488750.0
641388,PETRA,Antonella Bogoni,"National Inter-University Consortium for Telecommunications - Italy [999649603,IT]",Proof of Concept,2014,150000.0
665421,ToothPic,Enrico Magli,"Polytechnic University of Turin [999977754,IT]",Proof of Concept,2014,149526.0
648635,RESCUE,Daniele Ielmini,"Polytechnic University of Milan [999879881,IT]",Consolidator Grants,2014,1998113.12
324629,PREPaRE, ,"National Inter-University Consortium for Telecommunications - Italy [999649603,IT]",Proof of Concept,2012,148300.0
320992,RoDyMan,Bruno Siciliano,"Consortium for Energy Research and Technological Applications of Electromagnetism (C.R.E.A.T.E.) [954718427,IT]",Advanced Grants,2012,2496600.0
279848,CRISP,Enrico Magli,"Polytechnic University of Turin [999977754,IT]",Starting Grants,2011,1390000.0
291166,SOFT HANDS,Antonio Bicchi,"Italian Institute of Technology [999596447,IT]",Advanced Grants,2011,2279600.0
239640,PHODIR,Antonella Bogoni,"National Inter-University Consortium for Telecommunications - Italy [999649603,IT]",Starting Grants,2009,1600000.0
240555,VISION,Dajana Cassioli,"University of L'Aquila [999859511,IT]",Starting Grants,2009,1173680.0
101163880,AMF,Luca Fortunato,"University of Naples Federico II [999976590,IT]",Starting Grants,2024,1412500.0
101162848,BREAKDOWN,Enrico Salvati,"University of Udine [999899281,IT]",Starting Grants,2024,1499954.0
101163330,E-Nucl,Mirko Gallo,"Sapienza University of Rome [999987745,IT]",Starting Grants,2024,1499875.0
101165321,HYPOR,Aronne Dell'Oca,"Polytechnic University of Milan [999879881,IT]",Starting Grants,2024,1482520.0
101162753,PROTEGO,Giulia Luraghi,"Polytechnic University of Milan [999879881,IT]",Starting Grants,2024,1498295.0
101189358,AXESS,Francesco Topputo,"Polytechnic University of Milan [999879881,IT]",Proof of Concept,2024,150000.0
101188238,CATSYNEX,Gianvito Vile,"Polytechnic University of Milan [999879881,IT]",Proof of Concept,2024,150000.0
101188904,Core,Sara Bagherifard,"Polytechnic University of Milan [999879881,IT]",Proof of Concept,2024,150000.0
101213773,GINNY,Federico Bella,"Polytechnic University of Turin [999977754,IT]",Proof of Concept,2024,150000.0
101187935,LBFAST,Sauro Succi,"Italian Institute of Technology [999596447,IT]",Proof of Concept,2024,150000.0
101189244,NewOilFactory,Elena Simone,"Polytechnic University of Turin [999977754,IT]",Proof of Concept,2024,150000.0
101187967,TNext,Alessandro Molle,"National Research Council (CNR) - Italy [999979500,IT]",Proof of Concept,2024,150000.0
101170592,MiGEM,Alessio Gizzi,"Biomedical Campus University of Rome [999440665,IT]",Consolidator Grants,2024,2000000.0
101114664,CIRCULARIZE,Alessandro Pellis,"University of Genoa [999976687,IT]",Starting Grants,2023,1500000.0
101115741,DANTE,Giovanni Stabile,"Superior School Sant'Anna [999884731,IT]",Starting Grants,2023,1450560.0
101116811,MINIONS,Chiara Paganelli,"Polytechnic University of Milan [999879881,IT]",Starting Grants,2023,1487676.0
101117759,OriSha,Onelia Gagliano,"University of Padua [999995602,IT]",Starting Grants,2023,1499633.0
101158013,ARACHNID,Elisa Cimetta,"University of Padua [999995602,IT]",Proof of Concept,2023,150000.0
101123370,BioChord,Antonio D'Amore,"Ri.MED Foundation [933814927,IT]",Proof of Concept,2023,150000.0
101146025,BiSCUIT,Gianni Ciofani,"Italian Institute of Technology [999596447,IT]",Proof of Concept,2023,150000.0
101158332,EMPATIC,Valeria Chiono,"Polytechnic University of Turin [999977754,IT]",Proof of Concept,2023,150000.0
101158039,hiPSCmore,Francesco Pasqualini,"University of Pavia [999893752,IT]",Proof of Concept,2023,150000.0
101123385,INCANT,Enrico Tronconi,"Polytechnic University of Milan [999879881,IT]",Proof of Concept,2023,150000.0
101123231,MetaCam,Antonio Ambrosio,"Italian Institute of Technology [999596447,IT]",Proof of Concept,2023,150000.0
101156586,MOONSHOT,Francesco Di Stasio,"Italian Institute of Technology [999596447,IT]",Proof of Concept,2023,150000.0
101123099,Smart Skin,Anna Maria Coclite,"University of Bari Aldo Moro [999840596,IT]",Proof of Concept,2023,150000.0
101126209,3D.FETOPRINT,Alessandro Filippo Maria Pellegata,"Polytechnic University of Milan [999879881,IT]",Consolidator Grants,2023,1972500.0
101125466,Epeius,Michele Conti,"University of Pavia [999893752,IT]",Consolidator Grants,2023,1991225.0
101140720,IMMENSE,Alberto Corigliano,"Polytechnic University of Milan [999879881,IT]",Advanced Grants,2023,2500000.0
101077146,EvOoC,Paola Occhetta,"Polytechnic University of Milan [999879881,IT]",Starting Grants,2022,2430625.0
101075903,LINING,Francesco Avallone,"Polytechnic University of Turin [999977754,IT]",Starting Grants,2022,1499069.0
101075832,SAC_2.0,Gianvito Vile,"Polytechnic University of Milan [999879881,IT]",Starting Grants,2022,1499681.0
101077758,TRACES,Fabio Ferrari,"Polytechnic University of Milan [999879881,IT]",Starting Grants,2022,1499750.0
101112677,CATALYSE,Matteo Maestri,"Polytechnic University of Milan [999879881,IT]",Proof of Concept,2022,150000.0
101081171,DROPTRACK,Sauro Succi,"Italian Institute of Technology [999596447,IT]",Proof of Concept,2022,150000.0
101112725,GUIDO,Francesco Topputo,"Polytechnic University of Milan [999879881,IT]",Proof of Concept,2022,150000.0
101069181,LEILA,Paola Saccomandi,"Polytechnic University of Milan [999879881,IT]",Proof of Concept,2022,150000.0
101081539,MagDock,Gianni Ciofani,"Italian Institute of Technology [999596447,IT]",Proof of Concept,2022,150000.0
101069326,microMESH,Paolo Decuzzi,"Italian Institute of Technology [999596447,IT]",Proof of Concept,2022,150000.0
101068512,NICHILD,Manuela Teresa Raimondi,"Polytechnic University of Milan [999879881,IT]",Proof of Concept,2022,150000.0
101059685,NODRY,Alberto Giacomello,"Sapienza University of Rome [999987745,IT]",Proof of Concept,2022,150000.0
101069171,PANTANI,Matteo Passoni,"Polytechnic University of Milan [999879881,IT]",Proof of Concept,2022,150000.0
101113522,POLIRNA,Valeria Chiono,"Polytechnic University of Turin [999977754,IT]",Proof of Concept,2022,150000.0
101113125,PROMETEO,Carmen Giordano,"Polytechnic University of Milan [999879881,IT]",Proof of Concept,2022,150000.0
101113345,PYPAINT,Carlo Spartaco Casari,"Polytechnic University of Milan [999879881,IT]",Proof of Concept,2022,150000.0
101069172,SENSE,Francesco Topputo,"Polytechnic University of Milan [999879881,IT]",Proof of Concept,2022,150000.0
101069436,Stripe-o-Morph,Antonio Desimone,"International School for Advanced Studies - Trieste [999850878,IT]",Proof of Concept,2022,150000.0
101061820,TCOtronics,Francesco Scotognella,"Polytechnic University of Milan [999879881,IT], Polytechnic University of Turin [999977754,IT]",Proof of Concept,2022,150000.0
101069262,XMem,Alessandro Molle,"National Research Council (CNR) - Italy [999979500,IT]",Proof of Concept,2022,150000.0
101088694,BREATHE,Tommaso Andreussi,"Superior School Sant'Anna [999884731,IT]",Consolidator Grants,2022,2344135.0
101089265,GREEN SPECIES,Camilla Colombo,"Polytechnic University of Milan [999879881,IT]",Consolidator Grants,2022,1999398.0
101086644,S-FOAM,Diego Misseroni,"University of Trento [999841954,IT]",Consolidator Grants,2022,1930096.0
101093897,ButterFly,Filippo Berto,"Sapienza University of Rome [999987745,IT]",Advanced Grants,2022,2499811.0
101039657,CARDIOTRIALS,Francesco Viola,"Gran Sasso Science Institute (GSSI) [917519994,IT]",Starting Grants,2021,1499423.0
101039467,CoDe4Bio,Giulia Scalet,"University of Pavia [999893752,IT]",Starting Grants,2021,1495100.0
101041255,HELIOS,Anna Laura Pisello,"University of Perugia [999846319,IT]",Starting Grants,2021,1498125.0
101040383,NoOne,Eleonora Macchia,"University of Bari Aldo Moro [999840596,IT]",Starting Grants,2021,2499579.0
101039198,SURFACE,Antonio Papangelo,"Polytechnic University of Bari [999431159,IT]",Starting Grants,2021,1499750.0
101044228,ArcHIDep,Sara Bagherifard,"Polytechnic University of Milan [999879881,IT]",Consolidator Grants,2021,1998000.0
101045746,HYNANOSTORE,Luisa De Marco,"National Research Council (CNR) - Italy [999979500,IT]",Consolidator Grants,2021,1973133.75
101053122,BEACONSANDEGG,Manuela Teresa Raimondi,"Polytechnic University of Milan [999879881,IT]",Advanced Grants,2021,2498690.0
101052956,Beyond,Davide Bigoni,"University of Trento [999841954,IT]",Advanced Grants,2021,2476084.0
101053309,NABUCCO,Chiara Bisagni,"Polytechnic University of Milan [999879881,IT]",Advanced Grants,2021,2342038.0
948225,B3YOND,Edoardo Albisetti,"Polytechnic University of Milan [999879881,IT]",Starting Grants,2020,1498385.0
949916,CO2CAP,Andrea Lamberti,"Polytechnic University of Turin [999977754,IT]",Starting Grants,2020,1497500.0
949229,CryForm,Elena Simone,"Polytechnic University of Turin [999977754,IT]",Starting Grants,2020,1963562.0
949388,PhyCo,Luca Magri,"Polytechnic University of Turin [999977754,IT]",Starting Grants,2020,1500000.0
948769,SuN2rise,Federico Bella,"Polytechnic University of Turin [999977754,IT]",Starting Grants,2020,1498750.0
966725,INSTANT,Enrico Tronconi,"Polytechnic University of Milan [999879881,IT]",Proof of Concept,2020,150000.0
966758,SPECTROKIN,Matteo Maestri,"Polytechnic University of Milan [999879881,IT]",Proof of Concept,2020,150000.0
101002561,BIOMITRAL,Antonio D'Amore,"Ri.MED Foundation [933814927,IT]",Consolidator Grants,2020,1990530.0
101002422,REPLY,Andrea Toma,"Italian Institute of Technology [999596447,IT]",Consolidator Grants,2020,1986250.0
101002724,RIDING,Agnese Seminara,"University of Genoa [999976687,IT]",Consolidator Grants,2020,1973485.0
851794,NANOLED,Francesco Di Stasio,"Italian Institute of Technology [999596447,IT]",Starting Grants,2019,1496250.0
850437,PRE-ECO,Alfonso Pagani,"Polytechnic University of Turin [999977754,IT]",Starting Grants,2019,1477901.0
852560,SYNBIO.ECM,Francesco Pasqualini,"University of Pavia [999893752,IT]",Starting Grants,2019,1999375.0
899431,DIANA,Carmen Giordano,"Polytechnic University of Milan [999879881,IT]",Proof of Concept,2019,150000.0
875183,IDEAL DRONE,Gian Paolo Cimellaro,"Polytechnic University of Turin [999977754,IT]",Proof of Concept,2019,150000.0
875268,PROTECHT,Carlo Spartaco Casari,"Polytechnic University of Milan [999879881,IT]",Proof of Concept,2019,150000.0
875015,PROVA,Alberto Guardone,"Polytechnic University of Milan [999879881,IT]",Proof of Concept,2019,150000.0
864697,EXTREMA,Francesco Topputo,"Polytechnic University of Milan [999879881,IT]",Consolidator Grants,2019,1972837.0
865633,SLIDE,Maria Clelia Righi,"University of Bologna [999993953,IT]",Consolidator Grants,2019,1403662.0
882340,Smart-TURB,Luca Biferale,"University of Rome - Tor Vergata [999844864,IT]",Advanced Grants,2019,2248875.0
803213,HyGate,Alberto Giacomello,"Sapienza University of Rome [999987745,IT]",Starting Grants,2018,1496250.0
803621,LINCE,Maria Rosa Antognazza,"Italian Institute of Technology [999596447,IT]",Starting Grants,2018,1866250.0
832045,BBBhybrid,Gianni Ciofani,"Italian Institute of Technology [999596447,IT]",Proof of Concept,2018,150000.0
841640,METADESIGN,Stefano Zapperi,"University of Milan [999995796,IT]",Proof of Concept,2018,149752.5
825159,MOAB,Manuela Teresa Raimondi,"Polytechnic University of Milan [999879881,IT]",Proof of Concept,2018,150000.0
840331,RESOLVE,Paolo Decuzzi,"Italian Institute of Technology [999596447,IT]",Proof of Concept,2018,150000.0
817794,METAmorphoses,Antonio Ambrosio,"Italian Institute of Technology [999596447,IT]",Consolidator Grants,2018,2745000.0
816313,PAIDEIA,Francesco Scotognella,"Polytechnic University of Turin [999977754,IT]",Consolidator Grants,2018,1815445.0
759959,INTERCELLMED,Loretta Del Mercato,"National Research Council (CNR) - Italy [999979500,IT]",Starting Grants,2017,1050000.0
759159,LASER OPTIMAL,Paola Saccomandi,"Polytechnic University of Milan [999879881,IT]",Starting Grants,2017,1499575.0
759467,MICRONEX,Elisa Cimetta,"University of Padua [999995602,IT]",Starting Grants,2017,1446250.0
779751,INVICTUS,Carlo Massimo Casciola,"Sapienza University of Rome [999987745,IT]",Proof of Concept,2017,150000.0
772168,BIORECAR,Valeria Chiono,"Polytechnic University of Turin [999977754,IT]",Consolidator Grants,2017,2000000.0
772261,XFab,Alessandro Molle,"National Research Council (CNR) - Italy [999979500,IT]",Consolidator Grants,2017,1998785.0
709613,SLaMM,Gianni Ciofani,"Italian Institute of Technology [999596447,IT]",Starting Grants,2016,1499997.42
727261,IDEAL SENSOR,Gian Paolo Cimellaro,"Polytechnic University of Turin [999977754,IT]",Proof of Concept,2016,150000.0
754916,INTER,Matteo Passoni,"Polytechnic University of Milan [999879881,IT]",Proof of Concept,2016,149375.0
754467,NICHOIDS,Manuela Teresa Raimondi,"Polytechnic University of Milan [999879881,IT]",Proof of Concept,2016,150000.0
737447,PHYSIC,Marco Paggi,"IMT Institute for Advanced Studies Lucca [965146412,IT]",Proof of Concept,2016,149500.0
724610,EspLORE,Carlo Spartaco Casari,"Polytechnic University of Milan [999879881,IT]",Consolidator Grants,2016,1981875.0
724734,MINERVA,Carmen Giordano,"Polytechnic University of Milan [999879881,IT]",Consolidator Grants,2016,1999194.0
739964,COPMAT,Sauro Succi,"Italian Institute of Technology [999596447,IT]",Advanced Grants,2016,1880060.0
741273,THUNDERR,Giovanni Solari,"University of Genoa [999976687,IT]",Advanced Grants,2016,2236161.66
679086,COMPASS,Camilla Colombo,"Polytechnic University of Milan [999879881,IT]",Starting Grants,2015,1499020.97
677423,SHAPE,Matteo Maestri,"Polytechnic University of Milan [999879881,IT]",Starting Grants,2015,1496250.0
693670,SILKENE,Nicola Maria Mario Pugno,"University of Trento [999841954,IT]",Proof of Concept,2015,149943.75
681798,BOOST,Chiara Silvia Vitale Brovarone,"Polytechnic University of Turin [999977754,IT]",Consolidator Grants,2015,1977500.0
681813,FricLess,Lucia Nicola,"University of Padua [999995602,IT]",Consolidator Grants,2015,1999985.0
682157,xPRINT,Andrea Camposeo,"National Research Council (CNR) - Italy [999979500,IT]",Consolidator Grants,2015,1993908.0
694910,INTENT,Enrico Tronconi,"Polytechnic University of Milan [999879881,IT]",Advanced Grants,2015,2484648.0
637842,IDEal reSCUE,Gian Paolo Cimellaro,"Polytechnic University of Turin [999977754,IT]",Starting Grants,2014,1271138.0
639495,INTHERM,Alberto Fina,"Polytechnic University of Turin [999977754,IT]",Starting Grants,2014,1404132.0
647554,ENSURE,Matteo Passoni,"Polytechnic University of Milan [999879881,IT]",Consolidator Grants,2014,1887500.0
646990,NICHOID,Manuela Teresa Raimondi,"Polytechnic University of Milan [999879881,IT]",Consolidator Grants,2014,1903330.0
632277,KNOTOUGH, ,"University of Trento [999841954,IT]",Proof of Concept,2013,149490.0
619448,REPLICA2, ,"University of Trento [999841954,IT]",Proof of Concept,2013,147000.0
617603,NSHOCK,Alberto Guardone,"Polytechnic University of Milan [999879881,IT]",Consolidator Grants,2013,1485600.0
616695,POTENT,Paolo Decuzzi,"Italian Institute of Technology [999596447,IT]",Consolidator Grants,2013,2390000.0
617972,StruBa,Angelo Simone,"University of Padua [999995602,IT]",Consolidator Grants,2013,1968053.0
339446,BIC,Carlo Massimo Casciola,"Sapienza University of Rome [999987745,IT]",Advanced Grants,2013,2491200.0
340561,INSTABILITIES,Davide Bigoni,"University of Trento [999841954,IT]",Advanced Grants,2013,2379359.0
340685,MicroMotility,Antonio De Simone,"International School for Advanced Studies - Trieste [999850878,IT]",Advanced Grants,2013,1302270.0
339032,NewTURB,Luca Biferale,"University of Rome - Tor Vergata [999844864,IT]",Advanced Grants,2013,1986000.0
306622,CA2PVM,Marco Paggi,"IMT Institute for Advanced Studies Lucca [965146412,IT]",Starting Grants,2012,1483980.0
308261,MORPHOSIS,Giulia Lanzara,"University of Rome - Roma Tre [999866107,IT]",Starting Grants,2012,1664600.0
306357,NANO-JETS,Dario Pisignano,"University of Salento [999863585,IT]",Starting Grants,2012,1491823.0
279985,BIHSNAM,Nicola Pugno,"University of Trento [999841954,IT]",Starting Grants,2011,1004400.0
291002,SIZEFFECTS,Stefano Zapperi,"University of Milan [999995796,IT]",Advanced Grants,2011,2500000.0
259229,ISOBIO,Alessandro Reali,"University of Pavia [999893752,IT]",Starting Grants,2010,1195200.0
101163912,GravitySirens,Simone Mastrogiovanni,"National Institute for Nuclear Physics - Italy [999992789,IT]",Starting Grants,2024,1488096.0
101169773,BELOVED,Annalisa Bonafede,"University of Bologna [999993953,IT]",Consolidator Grants,2024,1856133.0
101116226,GalFlow,Mattia Carlo Sormani,"University of Insubria [999855243,IT]",Starting Grants,2023,1499281.0
101116027,RELiCS,Martina Gerbino,"National Institute for Nuclear Physics - Italy [999992789,IT]",Starting Grants,2023,1498451.0
101117455,TREASURES,Ása Skúladóttir,"University of Florence [999895789,IT]",Starting Grants,2023,1500000.0
101142079,PINGU,Alberto Sesana,"University of Milan -  Bicocca [999923531,IT]",Advanced Grants,2023,2291444.0
101141533,SWIM,Elena Pettinelli,"University of Rome - Roma Tre [999866107,IT]",Advanced Grants,2023,3176790.0
101076080,Red Cardinal,Sirio Belli,"University of Bologna [999993953,IT]",Starting Grants,2022,1270668.0
101076613,UNVEIL,Stefano Facchini,"University of Milan [999995796,IT]",Starting Grants,2022,1498850.0
101086804,BlackHoleWeather,Massimo Gaspari,"University of Modena and Reggio Emilia [999840887,IT]",Consolidator Grants,2022,1999956.0
101086378,ULU,Francesco De Gasperin,"National Institute for Astrophysics - Italy [999868920,IT]",Consolidator Grants,2022,1996250.0
101096035,POLOCALC,Federico Nati,"University of Milan -  Bicocca [999923531,IT]",Advanced Grants,2022,2418281.0
101093572,StarDance,Elena Pancino,"National Institute for Astrophysics - Italy [999868920,IT]",Advanced Grants,2022,2492250.0
101039651,DiscEvol,Giovanni Rosotti,"University of Milan [999995796,IT]",Starting Grants,2021,1495755.0
101040751,MW-WINDS,Enrico Di Teodoro,"University of Florence [999895789,IT]",Starting Grants,2021,1026250.0
101040227,WINGS,Stefano Carniani,"Normal Superior School of Pisa [999886962,IT]",Starting Grants,2021,1199519.0
945155,GWmining,Davide Gerosa,"University of Milan -  Bicocca [999923531,IT]",Starting Grants,2020,1499917.0
101002761,BHianca,Eleonora Troja,"University of Rome - Tor Vergata [999844864,IT]",Consolidator Grants,2020,1974000.0
864361,CosmicWeb,Sebastiano Cantalupo,"University of Milan -  Bicocca [999923531,IT]",Consolidator Grants,2019,2000000.0
865637,Hot Milk,Gabriele Ponti,"National Institute for Astrophysics - Italy [999868920,IT]",Consolidator Grants,2019,1989375.0
804240,NEFERTITI,Stefania Salvadori,"University of Florence [999895789,IT]",Starting Grants,2018,1180813.0
818691,B Massive,Alberto Sesana,"University of Milan -  Bicocca [999923531,IT]",Consolidator Grants,2018,1532750.0
815673,GRAMS,Enrico Barausse,"International School for Advanced Studies - Trieste [999850878,IT]",Consolidator Grants,2018,1993920.0
833824,GASP,Bianca Maria Poggianti,"National Institute for Astrophysics - Italy [999868920,IT]",Advanced Grants,2018,2498237.5
757535,FEEDGALAXIES,Michele Fumagalli,"University of Milan -  Bicocca [999923531,IT]",Starting Grants,2017,1499557.0
772293,Asterochronometry,Andrea Miglio,"University of Bologna [999993953,IT]",Consolidator Grants,2017,1958863.0
716762,ClustersXCosmo,Alexandro Saro,"University of Trieste [999842051,IT]",Starting Grants,2016,1230403.0
714245,DRANOEL,Annalisa Bonafede,"University of Bologna [999993953,IT]",Starting Grants,2016,1496250.0
716082,GALFOR,Antonino Milone,"University of Padua [999995602,IT]",Starting Grants,2016,717246.0
714196,MAGCOW,Franco Vazza,"University of Bologna [999993953,IT]",Starting Grants,2016,1465943.0
740120,INTERSTELLAR,Andrea Ferrara,"Normal Superior School of Pisa [999886962,IT]",Advanced Grants,2016,2151875.0
679627,Fornax,Paolo Serra,"National Institute for Astrophysics - Italy [999868920,IT]",Starting Grants,2015,1500000.0
638809,AIDA,Andrei Albert Mesinger,"Normal Superior School of Pisa [999886962,IT]",Starting Grants,2014,1468750.0
615604,STARKEY,Paola Marigo,"University of Padua [999995602,IT]",Consolidator Grants,2013,1930628.0
306476,FIRST,Raffaella Schneider,"National Institute for Astrophysics - Italy [999868920,IT]",Starting Grants,2012,882807.6
291521,DARKLIGHT,Luigi Guzzo,"University of Milan [999995796,IT]",Advanced Grants,2011,1723600.0
257670,cosmoIGM,Matteo Viel,"National Institute for Astrophysics - Italy [999868920,IT]",Starting Grants,2010,891400.0
259349,GLENCO,Robert Benton Metcalf,"University of Bologna [999993953,IT]",Starting Grants,2010,1500000.0
267675,Cosmic-Lab,Francesco Ferraro,"University of Bologna [999993953,IT]",Advanced Grants,2010,1880000.0
202680,RareNoise,Livia Conti,"National Institute for Nuclear Physics - Italy [999992789,IT]",Starting Grants,2007,1000000.0
202781,StGDeLucia2007,Gabriella De Lucia,"National Institute for Astrophysics - Italy [999868920,IT]",Starting Grants,2007,750000.0
101164784,CHAIN,Carlo Schwarz,"Bocconi University Milan [999838850,IT]",Starting Grants,2024,1491649.0
101165373,DynamicInfoAsym,Esat Doruk Cetemen,"University of Social Studies - Rome [999914510,IT]",Starting Grants,2024,1136046.0
101171473,WeSET,Thomas Le Barbanchon,"Bocconi University Milan [999838850,IT]",Consolidator Grants,2024,1721563.0
101116015,DIGIDEV,Erika Deserranno,"Bocconi University Milan [999838850,IT]",Starting Grants,2023,1498500.0
101115804,FINDEV,Nicola Limodio,"Bocconi University Milan [999838850,IT]",Starting Grants,2023,1496312.5
101117032,Persistence,Katerina Petrova,"University of Venice [999897341,IT]",Starting Grants,2023,664850.0
101117537,SOFIA,Michela Carlana,"Bocconi University Milan [999838850,IT]",Starting Grants,2023,1499875.0
101116966,SOME,Luca Braghieri,"Bocconi University Milan [999838850,IT]",Starting Grants,2023,1494625.0
101142844,TRAITS-GAMES,Pierpaolo Battigalli,"Bocconi University Milan [999838850,IT]",Advanced Grants,2023,1874575.0
101075924,NTAOTC,Florian Nagler,"Bocconi University Milan [999838850,IT]",Starting Grants,2022,1416812.5
101087978,GEM,Luigi Iovino,"Bocconi University Milan [999838850,IT]",Consolidator Grants,2022,1532955.0
101088889,ROOTS,Luigi Pascali,"University of Social Studies - Rome [999914510,IT]",Consolidator Grants,2022,748079.0
101098332,AI-Comp,Emilio Calvano,"University of Social Studies - Rome [999914510,IT]",Advanced Grants,2022,1877793.0
101097687,MARKINDOWN,Tito Boeri,"Bocconi University Milan [999838850,IT]",Advanced Grants,2022,1859312.5
101097578,MemDec,Nicola Gennaioli,"Bocconi University Milan [999838850,IT]",Advanced Grants,2022,1936400.0
101042055,EDIPO,Mara Pasquamaria Squicciarini,"Bocconi University Milan [999838850,IT]",Starting Grants,2021,1463212.5
101054421,DCS,Francesco Lippi,"University of Social Studies - Rome [999914510,IT]",Advanced Grants,2021,1447893.0
101055295,InfoEcoScience,Marco Ottaviani,"Bocconi University Milan [999838850,IT]",Advanced Grants,2021,1461050.0
101002867,CoDiM,Francesco Decarolis,"Bocconi University Milan [999838850,IT]",Consolidator Grants,2020,1721425.0
101021061,SAIM,Alfonso Gambardella,"Bocconi University Milan [999838850,IT]",Advanced Grants,2020,1978213.0
853123,DIPVAR,Özlem Bedre-Defolie,"European School of Management and Technology (ESMT Berlin) [997865967,DE]",Starting Grants,2019,1493231.25
852172,HarmfulTraditions,Lucia Corno,"University Cattolica (UCSC) [999915771,IT]",Starting Grants,2019,1389687.5
852526,POPULIZATION,Salvatore Nunnari,"Bocconi University Milan [999838850,IT]",Starting Grants,2019,1415760.0
866181,CLEAN,Paolo Pinotti,"Bocconi University Milan [999838850,IT]",Consolidator Grants,2019,1770838.0
835201,ISEProD,Fabiano Schivardi,"University of Social Studies - Rome [999914510,IT]",Advanced Grants,2018,1944581.0
758190,ESEARCH,Thomas Le Barbanchon,"Bocconi University Milan [999838850,IT]",Starting Grants,2017,1250250.0
789049,MIMAT,Gianmarco Ottaviano,"Bocconi University Milan [999838850,IT]",Advanced Grants,2017,1335693.75
741643,EUROPOPULISM,Guido Enrico Tabellini,"Bocconi University Milan [999838850,IT]",Advanced Grants,2016,1276250.0
676846,MACROPMF,Luigi Paciello,"Einaudi Institute for Economic and Finance [996113953,IT]",Starting Grants,2015,1192000.0
679217,REPCOR,Francesco Decarolis,"Bocconi University Milan [999838850,IT]",Starting Grants,2015,1046850.0
679949,SDDM-TEA,Simone Cerreia Vioglio,"Bocconi University Milan [999838850,IT]",Starting Grants,2015,667875.0
694882,ASNODEV,Eliana La Ferrara,"Bocconi University Milan [999838850,IT]",Advanced Grants,2015,1618125.0
694583,PolEc,Massimo Morelli,"Bocconi University Milan [999838850,IT]",Advanced Grants,2015,1540625.0
648833,POLITICALMIND,Tommaso Nannicini,"Bocconi University Milan [999838850,IT]",Consolidator Grants,2014,1375869.0
647782,SalThApp,Nicola Gennaioli,"Bocconi University Milan [999838850,IT]",Consolidator Grants,2014,1431650.0
670337,INDIMACRO,Massimo Marinacci,"Bocconi University Milan [999838850,IT]",Advanced Grants,2014,1394716.0
616155,InfoAsymMarkets,Donato (Dino) Gerardi,"Carlo Alberto College -  Turin [998140477,IT]",Consolidator Grants,2013,827410.0
614879,MONPMOD,Pierpaolo Benigno,"University of Social Studies - Rome [999914510,IT]",Consolidator Grants,2013,837680.0
313671,RESOCONBUCY,Fabrizio Perri,"Bocconi University Milan [999838850,IT]",Starting Grants,2012,1098800.0
324008,MEF,Francesco Lippi,"Einaudi Institute for Economic and Finance [996113953,IT]",Advanced Grants,2012,1946788.0
324219,STRATEMOTIONS,Pierpaolo Lorenzo Aurelio Battigalli,"Bocconi University Milan [999838850,IT]",Advanced Grants,2012,1210000.0
283483,FINIMPMACRO,Tommaso Monacelli,"Bocconi University Milan [999838850,IT]",Starting Grants,2011,778800.0
284119,LaborHeterogeneity, ,"European University Institute [999902385,IT]",Starting Grants,2011,1170000.0
283454,NETWORKS,Andrea Galeotti,"European University Institute [999902385,IT]",Starting Grants,2011,944259.8
284024,NSND,Luigi Pistaferri,"Einaudi Institute for Economic and Finance [996113953,IT]",Starting Grants,2011,1480022.0
295710,ECONOMICHISTORY,"Maristella Botticini, Zvi Eckstein","Bocconi University Milan [999838850,IT], Bocconi University Milan [999838850,IT]",Advanced Grants,2011,1113900.0
293692,ESEMO,Claudio Michelacci,"Einaudi Institute for Economic and Finance [996113953,IT]",Advanced Grants,2011,1659169.0
295835,EVALIDEA,Marco Maria Ottaviani,"Bocconi University Milan [999838850,IT]",Advanced Grants,2011,1142200.0
295709,FINLAB,Marco Pagano,"University of Naples Federico II [999976590,IT]",Advanced Grants,2011,1873800.0
241114,Inst&Glob,Nicola Gennaioli,"Bocconi University Milan [999838850,IT]",Starting Grants,2009,1002000.0
240819,MACROMOD,Pierpaolo Benigno,"University of Social Studies - Rome [999914510,IT]",Starting Grants,2009,648000.0
241196,STRANGERS,Marco Casari,"University of Bologna [999993953,IT]",Starting Grants,2009,769090.0
230367,BRSCDP-TEA,Massimo Marinacci,"Bocconi University Milan [999838850,IT]",Advanced Grants,2008,1399800.0
230088,Institutions,Guido Tabellini,"Bocconi University Milan [999838850,IT]",Advanced Grants,2008,1068000.0
208661,CIDAM,Eliana La Ferrara,"Bocconi University Milan [999838850,IT]",Starting Grants,2007,429480.0
101164328,P-AGE,Xenia Chiaramonte,"University of Venice [999897341,IT]",Starting Grants,2024,1499049.0
101142666,PIANO,Bernard Hoekman,"European University Institute [999902385,IT]",Advanced Grants,2023,2499865.0
101078683,ACCESS,Madalina Moraru,"University of Bologna [999993953,IT]",Starting Grants,2022,1499788.0
101076616,HABITAT,Alessio Sardo,"University of Genoa [999976687,IT]",Starting Grants,2022,1497340.0
101088868,POSTNORM,Elias - Ilias Dinas - Ntinas,"European University Institute [999902385,IT]",Consolidator Grants,2022,1896800.0
101097740,GLOBAL,Daniele Caramani,"European University Institute [999902385,IT]",Advanced Grants,2022,2499931.0
101044015,MENA-PERC,Kevin Koehler,"Superior School Sant'Anna [999884731,IT]",Consolidator Grants,2021,1915601.0
101055185,HyperModeLex,Monica Palmirani,"University of Bologna [999993953,IT]",Advanced Grants,2021,2494509.0
853487,2D4D,Elena Verdolini,"University of Brescia [999893946,IT]",Starting Grants,2019,1498375.0
851940,RadicalHOUSING,Michele Lancione,"Polytechnic University of Turin [999977754,IT]",Starting Grants,2019,1499791.0
853050,SMOOTH,Emanuele Campiglio,"University of Bologna [999993953,IT]",Starting Grants,2019,1499956.0
864687,LOSS,Catherine De Vries - Netjes,"Bocconi University Milan [999838850,IT]",Consolidator Grants,2019,1993518.0
885026,TRANSNATIONAL,Elisabeth Hooghe,"European University Institute [999902385,IT]",Advanced Grants,2019,2498412.0
802362,BIT-ACT,Alice Mattoni,"University of Bologna [999993953,IT]",Starting Grants,2018,1489115.0
833647,CompuLaw,Giovanni Sartor,"University of Bologna [999993953,IT]",Advanced Grants,2018,2273550.0
756194,ENERGYA,Enrica De Cian,"University of Venice [999897341,IT]",Starting Grants,2017,1495000.0
716350,GlobalCitizenshipLaw,Liav Orgad,"European University Institute [999902385,IT]",Starting Grants,2016,1499588.0
678783,DomEQUAL,Sabrina Marchetti,"University of Venice [999897341,IT]",Starting Grants,2015,1199976.0
678456,HOMInG,Paolo Boccagni,"University of Trento [999841954,IT]",Starting Grants,2015,1499678.0
682626,MiLifeStatus,Maarten Vink,"European University Institute [999902385,IT]",Consolidator Grants,2015,1799034.44
694697,CoCEAL,Giacinto Della Cananea,"Bocconi University Milan [999838850,IT]",Advanced Grants,2015,1254105.0
694145,IFAMID,Arnstein Aassve,"Bocconi University Milan [999838850,IT]",Advanced Grants,2015,1850820.0
694632,PROTEGO,Claudio Radaelli,"European University Institute [999902385,IT]",Advanced Grants,2015,1792778.0
638259,EUBorderCare,Vanessa Elisa Grotti,"University of Bologna [999993953,IT]",Starting Grants,2014,1498463.0
639284,INTERACT,Delia Stefania Baldassarri,"Bocconi University Milan [999838850,IT]",Starting Grants,2014,969100.0
340956,IOW,Jennifer Mary Welsh,"European University Institute [999902385,IT]",Advanced Grants,2013,2397577.0
340430,MIGPROSP,Andrew Peter Geddes,"European University Institute [999902385,IT]",Advanced Grants,2013,2127926.0
338875,POLCON,Hans Peter Kriesi,"European University Institute [999902385,IT]",Advanced Grants,2013,2488200.0
340534,REScEU,Maurizio Ferrera,"University of Milan [999995796,IT]",Advanced Grants,2013,2496904.0
295675,WillingToPay,Sven Holger Steinmo,"European University Institute [999902385,IT]",Advanced Grants,2011,2491135.0
263277,BORDERLANDS,Raffaella Alessandra Del Sarto,"European University Institute [999902385,IT]",Starting Grants,2010,1353920.0
262873,COD,Giovanni Marco Carbone,"University of Milan [999995796,IT]",Starting Grants,2010,322283.6
263183,FAMINE,Stefani Scherer,"University of Trento [999841954,IT]",Starting Grants,2010,478494.0
269568,eduLIFE,Hans-Peter Blossfeld,"European University Institute [999902385,IT]",Advanced Grants,2010,2488360.0
269722,ERPL,Hans-Wolfgang Micklitz-Roessler,"European University Institute [999902385,IT]",Advanced Grants,2010,2097840.0
269136,Mobilizing4democracy,Donatella Alessandra Della Porta,"Normal Superior School of Pisa [999886962,IT]",Advanced Grants,2010,1747200.0
269860,RELIGIOWEST,Olivier Patrick Michel Roy,"European University Institute [999902385,IT]",Advanced Grants,2010,1895232.0
101170767,UNDERGOV,Luigi Achilli,"Superior School Sant'Anna [999884731,IT]",Consolidator Grants,2024,1999392.0
101116718,NEMESIS,Daniele Durante,"Bocconi University Milan [999838850,IT]",Starting Grants,2023,1498794.0
101117327,WeEqualize,Léa Pessin,"European University Institute [999902385,IT]",Starting Grants,2023,1499146.0
101076713,PregDaT,Giulia Zanini,"University of Venice [999897341,IT]",Starting Grants,2022,1497984.0
101088949,CowDom,Valentina Bonifacio,"University of Venice [999897341,IT]",Consolidator Grants,2022,1611768.0
101086663,EDUPOL,Moris Triventi,"University of Milan [999995796,IT]",Consolidator Grants,2022,1930120.0
101039655,ExpPov,Zachary Parolin,"Bocconi University Milan [999838850,IT]",Starting Grants,2021,1393425.0
101042882,F-WORD,Maddalena Gretel Cammelli,"University of Turin [999861936,IT]",Starting Grants,2021,1114266.0
101041908,TARGETS,Valentina Di Stasio,"European University Institute [999902385,IT]",Starting Grants,2021,1499290.0
948982,CRAFTWORK,Alessandro Gandini,"University of Milan [999995796,IT]",Starting Grants,2020,1152170.0
101002163,IDENTITIES,Elisabetta Crocetti,"University of Bologna [999993953,IT]",Consolidator Grants,2020,1990015.0
101003183,IMMUNE,Alessia Melegaro,"Bocconi University Milan [999838850,IT]",Consolidator Grants,2020,1986437.0
101002973,POPCLIMA,Raya Muttarak,"University of Bologna [999993953,IT]",Consolidator Grants,2020,1569500.0
853033,DESPO,Anne-Marie Jeannet,"University of Milan [999995796,IT]",Starting Grants,2019,1106528.0
865356,GENPOP,Nicola Barban,"University of Bologna [999993953,IT]",Consolidator Grants,2019,1985705.98
882276,WellSIRe,Antonie Hemerijck,"European University Institute [999902385,IT]",Advanced Grants,2019,1872200.0
714463,ProcessCitizenship,Annalisa Pelizza,"University of Bologna [999993953,IT]",Starting Grants,2016,1498613.75
715950,SHARE,Annalisa Murgia,"University of Milan [999995796,IT]",Starting Grants,2016,1258250.0
725961,EU-FER,Daniele Vignoli,"University of Florence [999895789,IT]",Consolidator Grants,2016,1689272.0
694262,DisCont,Francesco Candeloro Billari,"Bocconi University Milan [999838850,IT]",Advanced Grants,2015,2400555.0
647473,CWASI,Francesco Laio,"Polytechnic University of Turin [999977754,IT]",Consolidator Grants,2014,1222500.0
336155,COBHAM,Massimo Tavoni,"Polytechnic University of Milan [999879881,IT]",Starting Grants,2013,1451840.0
336703,RISICO,Valentina Bosetti,"Bocconi University Milan [999838850,IT]",Starting Grants,2013,1146002.0
313590,HRES,David Stuckler,"Bocconi University Milan [999838850,IT]",Starting Grants,2012,1358013.0
313532,SESandHealth,Rasmus Hoffmann,"European University Institute [999902385,IT]",Starting Grants,2012,928631.14
313617,SWELL-FER,Letizia Mencarini,"Bocconi University Milan [999838850,IT]",Starting Grants,2012,1052053.0
283955,DECIDE,Alessia Melegaro,"Bocconi University Milan [999838850,IT]",Starting Grants,2011,1210000.0
240895,ICARUS,Valentina Bosetti,"Foundation Eni Enrico Mattei [999771144,IT]",Starting Grants,2009,920000.0
201194,CODEC,Arnstein Aassve,"Bocconi University Milan [999838850,IT]",Starting Grants,2007,750000.0
101189387,ARIEL,Alessandra Sciutti,"Italian Institute of Technology [999596447,IT]",Proof of Concept,2024,150000.0
101189208,TaGaDeDys,Giorgio Vallortigara,"University of Trento [999841954,IT]",Proof of Concept,2024,150000.0
101170249,PredActive,Paola Binda,"University of Pisa [999862712,IT]",Consolidator Grants,2024,1999500.0
101116774,InqML,Ivano Alessandro Ciardelli,"University of Padua [999995602,IT]",Starting Grants,2023,971310.0
101116408,OutOfSpace,Luca Rinaldi,"University of Pavia [999893752,IT]",Starting Grants,2023,1499688.0
101158070,AUTISMUS,Giacomo Novembre,"Italian Institute of Technology [999596447,IT]",Proof of Concept,2023,150000.0
101138734,BRAINmade,Viviana Betti,"Sapienza University of Rome [999987745,IT]",Proof of Concept,2023,150000.0
101138232,DeepDive,Salvatore Maria Aglioti,"Sapienza University of Rome [999987745,IT]",Proof of Concept,2023,150000.0
101155938,RONIN,Agnieszka Anna Wykowska,"Italian Institute of Technology [999596447,IT]",Proof of Concept,2023,150000.0
101125658,ATCOM,Roberto Bottini,"University of Trento [999841954,IT]",Consolidator Grants,2023,1999358.0
101078497,MyFirstBody,Francesca Garbarini,"University of Turin [999861936,IT]",Starting Grants,2022,1325060.0
101062237,iReach,Monica Gori,"Italian Institute of Technology [999596447,IT]",Proof of Concept,2022,150000.0
101087263,AUTISMS-3D,Michael Lombardo,"Italian Institute of Technology [999596447,IT]",Consolidator Grants,2022,1999750.0
101087053,BraveNewWord,Marco Marelli,"University of Milan -  Bicocca [999923531,IT]",Consolidator Grants,2022,1387005.0
101098102,DiLaDi,Béla Adamik,"Hungarian Research Centre for Linguistics [999532912,HU], University of Venice [999897341,IT]",Advanced Grants,2022,2337500.0
101096728,ROOMors,Umberto Castiello,"University of Padua [999995602,IT]",Advanced Grants,2022,3148411.0
101039206,ATENA,Maddalena Boccia,"Sapienza University of Rome [999987745,IT]",Starting Grants,2021,1499718.0
101042701,DECOMPOSE,Ioana Cristea,"University of Padua [999995602,IT]",Starting Grants,2021,1497500.0
101043216,IN-MIND,Silvia Elena Benavides Varela,"University of Padua [999995602,IT]",Starting Grants,2021,1499798.0
101041885,TOHR,Andrea Ravignani,"Sapienza University of Rome [999987745,IT]",Starting Grants,2021,1496294.0
101042625,UnaWireD,Giovanna Zamboni,"University of Modena and Reggio Emilia [999840887,IT]",Starting Grants,2021,1213888.0
101045733,PROMENADE,Valentina Bambini,"University School for Advanced Studies IUSS Pavia [997963355,IT]",Consolidator Grants,2021,1854188.0
948186,MUSICOM,Giacomo Novembre,"Italian Institute of Technology [999596447,IT]",Starting Grants,2020,1499562.0
948349,MYSpace,Monica Gori,"Italian Institute of Technology [999596447,IT]",Starting Grants,2020,1500000.0
948891,TweakDreams,Giulio Bernardi,"IMT Institute for Advanced Studies Lucca [965146412,IT]",Starting Grants,2020,1488270.0
804422,NOAM,Roberto Bottini,"University of Trento [999841954,IT]",Starting Grants,2018,1498644.0
801715,PUPILTRAITS,Paola Binda,"University of Pisa [999862712,IT]",Starting Grants,2018,1490375.0
804388,wHiSPER,Alessandra Sciutti,"Italian Institute of Technology [999596447,IT]",Starting Grants,2018,1749375.0
842243,NeuroSoNew,Giorgio Vallortigara,"University of Trento [999841954,IT]",Proof of Concept,2018,149945.0
820213,ThinkAhead,Giovanni Pezzulo,"National Research Council (CNR) - Italy [999979500,IT]",Consolidator Grants,2018,1898757.0
832813,GenPercept,David Burr,"University of Florence [999895789,IT]",Advanced Grants,2018,2480969.38
833504,SPANUMBRA,Giorgio Vallortigara,"University of Trento [999841954,IT]",Advanced Grants,2018,2628333.0
755816,AUTISMS,Michael Lombardo,"Italian Institute of Technology [999596447,IT]",Starting Grants,2017,1499444.0
759651,HANDmade,Viviana Betti,"Sapienza University of Rome [999987745,IT]",Starting Grants,2017,1494662.0
789601,KID,Cristina Becchio,"Italian Institute of Technology [999596447,IT]",Proof of Concept,2017,148413.0
779604,MoViS,Giorgio Vallortigara,"University of Trento [999841954,IT]",Proof of Concept,2017,149936.0
773202,BabyRhythm,Judit Gervain,"University of Padua [999995602,IT]",Consolidator Grants,2017,1621250.0
772953,LIGHTUP,Marco Tamietto,"University of Turin [999861936,IT]",Consolidator Grants,2017,1994212.0
789058,eHONESTY,Salvatore Maria Aglioti,"Sapienza University of Rome [999987745,IT]",Advanced Grants,2017,2497188.0
715058,InStance,Agnieszka Anna Wykowska,"Italian Institute of Technology [999596447,IT]",Starting Grants,2016,1499937.0
679010,STATLEARN,Davide Crepaldi,"International School for Advanced Studies - Trieste [999850878,IT]",Starting Grants,2015,1498210.0
682117,BiT,Domenica Bueti,"International School for Advanced Studies - Trieste [999850878,IT]",Consolidator Grants,2015,1670830.0
640594,CRASK,Scott Laurence Fairhall,"University of Trento [999841954,IT]",Starting Grants,2014,1472502.0
640638,Objectivity,Jan (Michael) Sprenger,"University of Turin [999861936,IT]",Starting Grants,2014,1487928.0
617629,Transfer-Learning,Giorgio Coricelli,"University of Trento [999841954,IT]",Consolidator Grants,2013,1999998.0
338866,ECSPLAIN,Maria Concetta Morrone,"University of Pisa [999862712,IT]",Advanced Grants,2013,2493000.0
339939,Perceptual Awareness,Carlo Alberto Marzi,"University of Verona [999838074,IT]",Advanced Grants,2013,2139556.0
313658,CoPeST,David Paul Melcher,"University of Trento [999841954,IT]",Starting Grants,2012,1002102.0
312919,I.MOVE.U,Cristina Becchio,"Italian Institute of Technology [999596447,IT]",Starting Grants,2012,999920.0
313692,LEX-MEA,Antonino Vallesi,"University of Padua [999995602,IT]",Starting Grants,2012,1475950.0
323606,Parietalaction,Guy A. Orban,"University of Parma [999846028,IT]",Advanced Grants,2012,2475000.0
283554,COMPOSES,Marco Baroni,"University of Trento [999841954,IT]",Starting Grants,2011,1117636.0
295517,PREMESOR,Giorgio Vallortigara,"University of Trento [999841954,IT]",Advanced Grants,2011,2367922.0
263318,NeuroInt,Uri Hasson,"University of Trento [999841954,IT]",Starting Grants,2010,978678.0
269502,PASCAL,Jacques Mehler,"International School for Advanced Studies - Trieste [999850878,IT]",Advanced Grants,2010,2500000.0
241176,ODMIR,Chiara Turati,"University of Milan -  Bicocca [999923531,IT]",Starting Grants,2009,1208400.0
229445,STANIB,David Burr,"University of Florence [999895789,IT]",Advanced Grants,2008,2376000.0
210922,GENMOD,Marco Zorzi,"University of Padua [999995602,IT]",Starting Grants,2007,492200.0
101164219,COST-X,Neri Marsili,"University of Turin [999861936,IT]",Starting Grants,2024,1389776.0
101164035,ReMedY,Marilena Panarelli,"University of Palermo [999734284,IT]",Starting Grants,2024,1498828.0
101164324,UnMaP,Silvia Di Vincenzo,"University of Venice [999897341,IT]",Starting Grants,2024,1417204.0
101171020,ArOMa,Elisa Coda,"University of Pisa [999862712,IT]",Consolidator Grants,2024,1555956.0
101171475,NEWWORLD,Cecilia Muratori,"University of Pavia [999893752,IT]",Consolidator Grants,2024,1999663.0
101170566,TabulaRasa,Michele Cammarosano,"University of Naples L'Orientale [998507913,IT]",Consolidator Grants,2024,1990000.0
101115616,ALiDiM,Simona Olivieri,"University of Venice [999897341,IT]",Starting Grants,2023,1496241.0
101117162,I-STREAM,Ofer Gazit,"University of Venice [999897341,IT]",Starting Grants,2023,1302500.0
101118016,MEGAMAPS,Sara Borrillo,"University of Naples L'Orientale [998507913,IT]",Starting Grants,2023,1478750.0
101137707,TIMELAPSE,Andrea Pinotti,"University of Milan [999995796,IT]",Proof of Concept,2023,150000.0
101142420,18ETHICS,Stefano Bacin,"University of Milan [999995796,IT]",Advanced Grants,2023,1463694.0
101100643,EUFACETS,Massimo Leone,"University of Turin [999861936,IT]",Proof of Concept,2022,150000.0
101088645,AIMODELS,Matteo Pasquinelli,"University of Venice [999897341,IT]",Consolidator Grants,2022,1927573.0
101086695,APATHES,Christian Vassallo,"University of Turin [999861936,IT]",Consolidator Grants,2022,1999587.0
101088363,CAncAn,Annick Payne,"University of Venice [999897341,IT]",Consolidator Grants,2022,1598515.0
101088698,SIQILLIYA,Nicola Carpentieri,"University of Padua [999995602,IT]",Consolidator Grants,2022,1931221.0
101039777,ABSTRACTION,Marianna Marcella Bolognesi,"University of Bologna [999993953,IT]",Starting Grants,2021,1392265.0
101041826,FragArist,Gertjan Verhasselt,"University of Padua [999995602,IT]",Starting Grants,2021,1500000.0
101042338,HEMIG,Lorenzo Pezzani,"University of Bologna [999993953,IT]",Starting Grants,2021,1499855.0
101040302,LeviNeT,Martina Mengoni,"University of Ferrara [999839626,IT]",Starting Grants,2021,1190125.0
101040535,PEA,Enrico Terrone,"University of Genoa [999976687,IT]",Starting Grants,2021,1493753.0
101041596,PolyphonicPhilosophy,Caterina Tarlazzi,"University of Venice [999897341,IT]",Starting Grants,2021,1498215.0
101042655,SCRIBEMUS,Giovanni Varelli,"University of Pavia [999893752,IT]",Starting Grants,2021,1497793.0
101040474,VeNiss,Ludovica Galeazzo,"University of Padua [999995602,IT]",Starting Grants,2021,1499877.5
101054750,LAUDARE,Francesco Zimei,"University of Trento [999841954,IT]",Advanced Grants,2021,2388928.0
949742,HealthXCross,Roberta Raffaeta,"University of Venice [999897341,IT]",Starting Grants,2020,1367062.0
950084,NEMUS,Michele Ducceschi,"University of Bologna [999993953,IT]",Starting Grants,2020,1497265.0
950513,NONWESTLIT,Ozen Nergis Dolcerocca,"University of Bologna [999993953,IT]",Starting Grants,2020,1457660.0
950248,SenSArt,Zuleika Murat,"University of Padua [999995602,IT]",Starting Grants,2020,1499328.0
949645,WRITE,Adriana Iezzi,"University of Bologna [999993953,IT]",Starting Grants,2020,1113750.0
851466,EJCM,Joseph Sanzo,"University of Venice [999897341,IT]",Starting Grants,2019,1311355.0
852216,STAGING-ABJECTION,Rustem Ertug Altinay,"Kadir Has University [999891133,TR]",Starting Grants,2019,1429460.0
865863,AdriArchCult,Jasenka Gudelj,"University of Venice [999897341,IT]",Consolidator Grants,2019,1999750.0
865817,PURA,Olga Tribulato,"University of Venice [999897341,IT]",Consolidator Grants,2019,1303437.0
885222,GreekSchools,Graziano Ranocchia,"University of Pisa [999862712,IT]",Advanced Grants,2019,2498356.0
882588,PAGES,Michela Rosellini,"Sapienza University of Rome [999987745,IT]",Advanced Grants,2019,2486375.0
819649,FACETS,Massimo Leone,"University of Turin [999861936,IT]",Consolidator Grants,2018,1997803.0
834033,AN-ICON,Andrea Pinotti,"University of Milan [999995796,IT]",Advanced Grants,2018,2328736.0
758732,FLOS,Emiliano Fiori,"University of Venice [999897341,IT]",Starting Grants,2017,1343175.0
757314,NeMoSanctI,Jenny Ponzo,"University of Turin [999861936,IT]",Starting Grants,2017,1051590.0
757299,PALaC,Federico Giusfredi,"University of Verona [999838074,IT]",Starting Grants,2017,1233750.0
758145,PROTEUS,Silvia De Bianchi,"University of Milan [999995796,IT]",Starting Grants,2017,1418869.0
758450,RISK,Alessandro Metlica,"University of Padua [999995602,IT]",Starting Grants,2017,1452210.0
772544,IMPACT HAU,Marc Brightman,"University of Bologna [999993953,IT]",Consolidator Grants,2017,1999999.0
771127,INSCRIBE,Silvia Ferrara,"University of Bologna [999993953,IT]",Consolidator Grants,2017,1463337.0
769994,LiLa,Marco Carlo Passarotti,"University Cattolica (UCSC) [999915771,IT]",Consolidator Grants,2017,1984500.0
786379,ArsNova,Maria Sofia Lannutti,"University of Florence [999895789,IT]",Advanced Grants,2017,2193375.0
786572,NOTAE,Antonella Ghignoli,"Sapienza University of Rome [999987745,IT]",Advanced Grants,2017,1479625.0
714874,DiGe,Renata Sõukand,"University of Venice [999897341,IT]",Starting Grants,2016,1496675.0
727832,OPenPal,Maurizio Ghelardi,"Iuav University of Venice [998948293,IT]",Proof of Concept,2016,150000.0
724914,AlchemEast,Matteo Martelli,"University of Bologna [999993953,IT]",Consolidator Grants,2016,1997000.0
678711,INCOMMON,Annalisa Sacchi,"Iuav University of Venice [998948293,IT]",Starting Grants,2015,1452685.91
637533,BIFLOW,Antonio Montefusco,"University of Venice [999897341,IT]",Starting Grants,2014,1480625.0
639276,PhilPharm,Barbara Osimani,"Polytechnic University of Marche [999866689,IT]",Starting Grants,2014,1500000.0
636983,PLATINUM,Maria Chiara Scappaticcio,"University of Naples Federico II [999976590,IT]",Starting Grants,2014,1485712.0
335949,ARISTOTLE,Marco Sgarbi,"University of Venice [999897341,IT]",Starting Grants,2013,1483180.0
339828,DIGMEDTEXT,Isabella Andorlini,"University of Parma [999846028,IT]",Advanced Grants,2013,654836.0
339621,PhiBor,Amos Bertolacci,"IMT Institute for Advanced Studies Lucca [965146412,IT]",Advanced Grants,2013,1140800.0
295960,COSMED,Rosario Marco Nobile,"University of Palermo [999734284,IT]",Advanced Grants,2011,1203960.0
295620,LOOKINGATWORDS,Lina Bolzoni,"Normal Superior School of Pisa [999886962,IT]",Advanced Grants,2011,1376200.0
295550,SIXXI,Sergio Poretti,"University of Rome - Tor Vergata [999844864,IT]",Advanced Grants,2011,987270.0
263549,HistAntArtSI,Bianca De Divitiis,"University of Naples Federico II [999976590,IT]",Starting Grants,2010,1500000.0
269774,DASI,Alessandra Avanzini,"University of Pisa [999862712,IT]",Advanced Grants,2010,2129200.0
241184,PHerc,Graziano Ranocchia,"National Research Council (CNR) - Italy [999979500,IT]",Starting Grants,2009,900000.0
249483,EUROCORR,Maurizio Ghelardi,"Normal Superior School of Pisa [999886962,IT]",Advanced Grants,2009,1215600.0
249431,Greek into Arabic,Cristina D'Ancona,"University of Pisa [999862712,IT]",Advanced Grants,2009,2106380.99
101165261,COLIBRI,Matilde Malaspina,"Sapienza University of Rome [999987745,IT]",Starting Grants,2024,1495625.0
101115916,INWOOD,Giacomo Bonan,"University of Turin [999861936,IT]",Starting Grants,2023,1489901.0
101125532,AviArch,Beatrice Demarchi,"University of Turin [999861936,IT]",Consolidator Grants,2023,1999969.0
101124518,EU-GUNS,Matteo Millan,"University of Padua [999995602,IT]",Consolidator Grants,2023,1999913.0
101126116,PatriFem,Denise Bezzina,"University of Genoa [999976687,IT]",Consolidator Grants,2023,1960215.0
101124725,REDMIX,Valentina Fusari,"University of Turin [999861936,IT]",Consolidator Grants,2023,1864059.0
101077793,DEMALPS,Marta Gravela,"University of Turin [999861936,IT]",Starting Grants,2022,1495320.0
101077348,MOTHERS,Alessia Nava,"Sapienza University of Rome [999987745,IT]",Starting Grants,2022,1499923.0
101088489,WO-NAM,Chiara Bonfiglioli,"University of Venice [999897341,IT]",Consolidator Grants,2022,1985458.0
101043954,FeBo,Elena Franchi,"University of Trento [999841954,IT]",Consolidator Grants,2021,668961.0
101044437,SSE1K,Helen Foxhall Forbes,"University of Venice [999897341,IT]",Consolidator Grants,2021,1998963.0
101043939,UseFool,Lucia Raggetti,"University of Bologna [999993953,IT]",Consolidator Grants,2021,1943208.0
101054345,CAPASIA,Giorgio Riello,"European University Institute [999902385,IT]",Advanced Grants,2021,2368600.0
101054143,IN-ROME,Barbara E. Borg,"Normal Superior School of Pisa [999886962,IT]",Advanced Grants,2021,2498457.0
101002811,FELIX,Claudio Ottoni,"University of Rome - Tor Vergata [999844864,IT]",Consolidator Grants,2020,1999420.0
101001839,GEODAP,Cristiano Nicosia,"University of Padua [999995602,IT]",Consolidator Grants,2020,1987141.0
101001857,HOLYLAB,Felicita Tramontana,"University of Rome - Roma Tre [999866107,IT]",Consolidator Grants,2020,1964456.0
101002084,MICOLL,Stefania Gialdroni,"University of Padua [999995602,IT]",Consolidator Grants,2020,1610593.0
101002763,RESP,Dario Calomino,"University of Verona [999838074,IT]",Consolidator Grants,2020,1998026.0
101020613,Graff-IT,Carlo Tedeschi,"Gabriele d’Annunzio University Chieti-Pescara [999866786,IT]",Advanced Grants,2020,2499731.0
101019166,HumanEuroMed,Silvia Salvatici,"University of Florence [999895789,IT]",Advanced Grants,2020,1968945.0
853539,ANTIGONE,Anna Maria Stagno,"University of Genoa [999976687,IT]",Starting Grants,2019,1498000.0
865067,ArmEn,Zaroui Pogossian,"University of Florence [999895789,IT]",Consolidator Grants,2019,1999994.0
885285,ECOINT,Glenda Sluga,"European University Institute [999902385,IT]",Advanced Grants,2019,2342600.0
884910,MERCATOR,Youssef Cassis,"European University Institute [999902385,IT]",Advanced Grants,2019,2354381.0
882549,SOCIOBORD,Laura Lee Downs,"European University Institute [999902385,IT]",Advanced Grants,2019,2499682.0
803147,RESOLUTION,Sahra Talamo,"University of Bologna [999993953,IT]",Starting Grants,2018,1499381.0
803624,SHIVADHARMA,Florinda De Simini,"University of Naples L'Orientale [998507913,IT]",Starting Grants,2018,1499348.75
803644,SpoilsofWAR,Tamas Vonyo,"Bocconi University Milan [999838850,IT]",Starting Grants,2018,1498798.0
819353,SlaveVoices,M'Hamed Oualdi,"Sciences Po [999957869,FR]",Consolidator Grants,2018,1999975.0
818098,TACITROOTS,Giulia Giannini,"University of Milan [999995796,IT]",Consolidator Grants,2018,1708206.0
833834,Water-Cultures,David Gentilcore,"University of Venice [999897341,IT]",Advanced Grants,2018,2444549.0
759829,DISCOMPOSE,Domenico Cecere,"University of Naples Federico II [999976590,IT]",Starting Grants,2017,1481813.0
716849,EURECON,Emmanuel Mourlon-Druol,"European University Institute [999902385,IT]",Starting Grants,2016,1498451.0
725883,EarlyModernCosmology,Pietro Daniel Omodeo,"University of Venice [999897341,IT]",Consolidator Grants,2016,1999976.0
725687,SMITE,Guido Alfani,"Bocconi University Milan [999838850,IT]",Consolidator Grants,2016,1499375.0
724046,SUCCESS,Stefano Benazzi,"University of Bologna [999993953,IT]",Consolidator Grants,2016,1993811.0
677199,PREWArAs,Matteo Millan,"University of Padua [999995602,IT]",Starting Grants,2015,1448776.0
681673,L.I.F.E.,Corinna Rossi,"Polytechnic University of Milan [999879881,IT]",Consolidator Grants,2015,1994932.5
694476,EMoBookTrade,Angela Nuovo,"University of Milan [999995796,IT]",Advanced Grants,2015,1434375.0
687567,PAThs,Paola Buzi,"Sapienza University of Rome [999987745,IT]",Advanced Grants,2015,2192507.0
639286,HIDDEN FOODS,Emanuela Cristiani,"Sapienza University of Rome [999987745,IT]",Starting Grants,2014,1499856.0
670792,nEU-Med,Richard Hodges,"University of Siena [999898020,IT]",Advanced Grants,2014,2500000.0
669194,PanEur1970s,Federico Romero,"European University Institute [999902385,IT]",Advanced Grants,2014,1811200.0
670436,SIR,Aldo Schiavone,"Sapienza University of Rome [999987745,IT]",Advanced Grants,2014,2025000.0
341102,REDHIS,Dario Giuseppe Mantovani,"University of Pavia [999893752,IT]",Advanced Grants,2013,1396980.0
313737,SWAB,Alice Bellagamba,"University of Milan -  Bicocca [999923531,IT]",Starting Grants,2012,935100.0
283802,EINITE,Guido Alfani,"Bocconi University Milan [999838850,IT]",Starting Grants,2011,995400.0
295854,BABE,Luisella Passerini,"European University Institute [999902385,IT]",Advanced Grants,2011,1488501.0
249394,EBLA CHORA,Paolo Matthiae,"Sapienza University of Rome [999987745,IT]",Advanced Grants,2009,1105240.0
230484,INMARWEL,Giovanni Federico,"European University Institute [999902385,IT]",Advanced Grants,2008,880800.0
101164071,UNITES,Stefano Moret,"Polytechnic University of Milan [999879881,IT]",Starting Grants,2024,1499347.1
101170509,BELIEFS,Emanuele Campiglio,"University of Bologna [999993953,IT]",Consolidator Grants,2024,1999391.0
101170187,EnactDECOM,Mara Ferreri,"Polytechnic University of Turin [999977754,IT]",Consolidator Grants,2024,1959768.0
101170376,HARSH,Elisabetta De Cao,"University of Bologna [999993953,IT]",Consolidator Grants,2024,1992656.0
101169652,SOS-GVC,Jacopo Canello,"University of Parma [999846028,IT]",Consolidator Grants,2024,1248100.0
101117427,FIND,Francesco Lamperti,"Superior School Sant'Anna [999884731,IT]",Starting Grants,2023,1499825.0
101076495,FIREPOL,Lorenza Belinda Fontana,"University of Turin [999861936,IT]",Starting Grants,2022,1499993.84
101077533,Frailife,Nicoletta Balbo,"Bocconi University Milan [999838850,IT]",Starting Grants,2022,1401938.0
101077766,illicitLABOUR,Carlo Inverardi-Ferri,"National Research Council (CNR) - Italy [999979500,IT]",Starting Grants,2022,1500000.0
101089107,GREEN TIPPING,Alessandro Tavoni,"University of Bologna [999993953,IT]",Consolidator Grants,2022,1758084.0
101044703,EUNICE,Massimo Tavoni,"Polytechnic University of Milan [999879881,IT]",Consolidator Grants,2021,1995000.0
101045534,PRA,David Stuckler,"Bocconi University Milan [999838850,IT]",Consolidator Grants,2021,1880430.0
101053836,SOLROUTES,Luca Queirolo Palmas,"University of Genoa [999976687,IT]",Advanced Grants,2021,2498653.75
101054428,TheGAME,Claudio Minca,"University of Bologna [999993953,IT]",Advanced Grants,2021,2473760.0
